v1,v2,Unnamed: 2,Unnamed: 3,Unnamed: 4
ham,Nice talking to you! please dont forget my pix :) i want to see all of you...,,,
ham,ÌÏ no home work to do meh... ,,,
ham,Might ax well im there.,,,
spam,"Thanks for your ringtone order, reference number X49. Your mobile will be charged 4.50. Should your tone not arrive please call customer services 09065989182. From: [colour=red]text[/colour]TXTstar",,,
ham,Who u talking about?,,,
ham,"Babe, I need your advice",,,
ham,"Its ok, called mom instead have fun",,,
spam,Call 09095350301 and send our girls into erotic ecstacy. Just 60p/min. To stop texts call 08712460324 (nat rate),,,
ham,Its good to hear from you,,,
spam,CALL 09090900040 & LISTEN TO EXTREME DIRTY LIVE CHAT GOING ON IN THE OFFICE RIGHT NOW TOTAL PRIVACY NO ONE KNOWS YOUR [sic] LISTENING 60P MIN 24/7MP 0870753331018+,,,
ham,Cab is available.they pick up and drop at door steps.,,,
ham,Think I could stop by in like an hour or so? My roommate's looking to stock up for a trip,,,
ham,"Derp. Which is worse, a dude who always wants to party or a dude who files a complaint about the three drug abusers he lives with",,,
ham,You still around? I could use a half-8th,,,
ham,He says he'll give me a call when his friend's got the money but that he's definitely buying before the end of the week,,,
ham,Or maybe my fat fingers just press all these buttons and it doesn't know what to do.,,,
spam,Text PASS to 69669 to collect your polyphonic ringtones. Normal gprs charges apply only. Enjoy your tones,,,
ham,Havent stuck at orchard in my dad's car. Going 4 dinner now. U leh? So r they free tonight?,,,
ham,Understand. his loss is my gain :) so do you work? School?,,,
ham,alright tyler's got a minor crisis and has to be home sooner than he thought so be here asap,,,
ham,"Call me when you/carlos is/are here, my phone's vibrate is acting up and I might not hear texts",,,
ham,"My Parents, My Kidz, My Friends n My Colleagues. All screaming.. SURPRISE !! and I was waiting on the sofa.. ... ..... ' NAKED...!",,,
ham,How come u got nothing to do?,,,
spam,Sex up ur mobile with a FREE sexy pic of Jordan! Just text BABE to 88600. Then every wk get a sexy celeb! PocketBabe.co.uk 4 more pics. 16 å£3/wk 087016248,,,
ham,Hi. I'm always online on yahoo and would like to chat with you someday,,,
ham,Great! I hope you like your man well endowed. I am  &lt;#&gt;  inches...,,,
spam,Can U get 2 phone NOW? I wanna chat 2 set up meet Call me NOW on 09096102316 U can cum here 2moro Luv JANE xx Callså£1/minmoremobsEMSPOBox45PO139WA,,,
ham,What i told before i tell. Stupid hear after i wont tell anything to you. You dad called to my brother and spoken. Not with me.,,,
ham,Got c... I lazy to type... I forgot Ì_ in lect... I saw a pouch but like not v nice...,,,
ham,Only once then after ill obey all yours.,,,
ham,MMM ... Fuck .... Merry Christmas to me,,,
ham,"Gosh that , what a pain. Spose I better come then.",,,
spam,Camera - You are awarded a SiPix Digital Camera! call 09061221066 fromm landline. Delivery within 28 days.,,,
ham,"Ah, well that confuses things, doesnÛ÷t it?",,,
ham,Looks like u wil b getting a headstart im leaving here bout 2.30ish but if u r desperate for my company I could head in earlier-we were goin to meet in rummer.,,,
ham,Do you work all this week ?,,,
ham,HEY MATE! HOWS U HONEY?DID U AVE GOOD HOLIDAY? GIMMI DE GOSS!x,,,
spam,todays vodafone numbers ending with 0089(my last four digits) are selected to received a å£350 award. If your number matches please call 09063442151 to claim your å£350 award,,,
ham,Yup next stop.,,,
ham,No he didn't. Spring is coming early yay!,,,
ham,Lol I know! They're so dramatic. Schools already closed for tomorrow. Apparently we can't drive in the inch of snow were supposed to get.,,,
ham,"Today is \song dedicated day..\"" Which song will u dedicate for me? Send this to all ur valuable frnds but first rply me...""",,,
ham,Prabha..i'm soryda..realy..frm heart i'm sory,,,
spam,"URGENT! Your mobile No 077xxx WON a å£2,000 Bonus Caller Prize on 02/06/03! This is the 2nd attempt to reach YOU! Call 09066362206 ASAP! BOX97N7QP, 150ppm",,,
ham,Take something for pain. If it moves however to any side in the next 6hrs see a doctor.,,,
ham,If anyone calls for a treadmill say you'll buy it. Make sure its working. I found an ad on Craigslist selling for $ &lt;#&gt; .,,,
ham,I'm always looking for an excuse to be in the city.,,,
ham,"I'm outside islands, head towards hard rock and you'll run into me",,,
ham,Thats cool princess! I will cover your face in hot sticky cum :),,,
ham,"Yo, I'm at my parents' gettin cash. Good news: we picked up a downstem",,,
ham,We are pleased to inform that your application for Airtel Broadband is processed successfully. Your installation will happen within 3 days.,,,
ham,i am seeking a lady in the street and a freak in the sheets. Is that you?,,,
ham,"I am in tirupur da, once you started from office call me.",,,
ham,Fffff. Can you text kadeem or are you too far gone,,,
ham,Hmm...my uncle just informed me that he's paying the school directly. So pls buy food.,,,
ham,"Have a lovely night and when you wake up to see this message, i hope you smile knowing all is as should be. Have a great morning",,,
ham,Hope youåÕre not having too much fun without me!! see u tomorrow love jess x,,,
ham,Friendship poem: Dear O Dear U R Not Near But I Can Hear Dont Get Fear Live With Cheer No More Tear U R Always my Dear. Gud ni8,,,
ham,"How are you, my Love ? Are you with your brother ? Time to talk english with him ? *grins* Say : Hey Muhommad, Penny says hello from across the sea",,,
ham,Then cant get da laptop? My matric card wif Ì_ lei... ,,,
ham,Bring tat cd don forget,,,
ham,Nice line said by a broken heart- Plz don't cum 1 more times infront of me... Other wise once again I ll trust U... Good 9t:),,,
ham,Cancel cheyyamo?and get some money back?,,,
ham,U wake up already? Thanx 4 e tau sar piah it's quite nice.,,,
ham,"Sorry, went to bed early, nightnight",,,
ham,Dhoni have luck to win some big title.so we will win:),,,
ham,This pay is  &lt;DECIMAL&gt;  lakhs:),,,
ham,I know you are. Can you pls open the back?,,,
ham,Yes. It's all innocent fun. O:-),,,
spam,"WIN: We have a winner! Mr. T. Foley won an iPod! More exciting prizes soon, so keep an eye on ur mobile or visit www.win-82050.co.uk",,,
ham,Hiya do u like the hlday pics looked horrible in them so took mo out! Hows the camp Amrca thing? Speak soon Serena:),,,
spam,URGENT! We are trying to contact you. Last weekends draw shows that you have won a å£900 prize GUARANTEED. Call 09061701851. Claim code K61. Valid 12hours only,,,
spam,Call from 08702490080 - tells u 2 call 09066358152 to claim å£5000 prize. U have 2 enter all ur mobile & personal details @ the prompts. Careful!,,,
ham,Hi where you. You in home or calicut?,,,
ham,You call him and tell now infront of them. Call him now.,,,
ham,I liked your new house,,,
ham,"Hey ! I want you ! I crave you ! I miss you ! I need you ! I love you, Ahmad Saeed al Hallaq ...",,,
ham,Actually I decided I was too hungry so I haven't left yet :V,,,
ham,I will reach ur home in  &lt;#&gt;  minutes,,,
ham,"And that's fine, I got enough bud to last most of the night at least",,,
ham,S:)8 min to go for lunch:),,,
ham,Just curious because my cuz asked what I was up to,,,
ham,Got smaller capacity one? Quite ex...,,,
ham,I came hostel. I m going to sleep. Plz call me up before class. Hrishi.,,,
spam,"Congrats! 2 mobile 3G Videophones R yours. call 09061744553 now! videochat wid ur mates, play java games, Dload polyH music, noline rentl. bx420. ip4. 5we. 150pm",,,
ham,"Actually nvm, got hella cash, we still on for  &lt;#&gt; ish?",,,
spam,"Do you realize that in about 40 years, we'll have thousands of old ladies running around with tattoos?",,,
ham,This is all just creepy and crazy to me.,,,
ham,"Turns out my friends are staying for the whole show and won't be back til ~ &lt;#&gt; , so feel free to go ahead and smoke that $ &lt;#&gt;  worth",,,
ham,Dunno y u ask me.,,,
ham,Happy new year. Hope you are having a good semester,,,
ham,East coast,,,
ham,"K, can that happen tonight?",,,
ham,Haha... They cant what... At the most tmr forfeit... haha so how?,,,
ham,K.k:)i'm going to tirunelvali this week to see my uncle ..i already spend the amount by taking dress .so only i want money.i will give it on feb 1,,,
ham,"Thanks da thangam, i feel very very happy dear. I also miss you da.",,,
ham,Sent me ur email id soon,,,
ham,Are you free now?can i call now?,,,
ham,Lol please do. Actually send a pic of yourself right now. I wanna see. Pose with a comb and hair dryer or something.,,,
ham,I hope your pee burns tonite.,,,
ham,Do you know when dad will be back?,,,
ham,I'm good. Have you registered to vote?,,,
ham,K then 2marrow are you coming to class.,,,
ham,K..give back my thanks.,,,
ham,ÌÏ comin to fetch us oredi...,,,
ham,Can Ì_ all decide faster cos my sis going home liao..,,,
ham,She ran off with a younger man. we will make pretty babies together :),,,
ham,"The sign of maturity is not when we start saying big things.. But actually it is, when we start understanding small things... *HAVE A NICE EVENING* BSLVYL",,,
ham,Mum not going robinson already.,,,
ham,Ya:)going for restaurant..,,,
ham,"Em, its olowoyey@ usc.edu have a great time in argentina. Not sad about secretary, everything is a blessing",,,
ham,But we havent got da topic yet rite?,,,
ham,All was well until slightly disastrous class this pm with my fav darlings! Hope day off ok. Coffee wld be good as can't stay late tomorrow. Same time + place as always?,,,
ham,"Cool, we shall go and see, have to go to tip anyway. Are you at home, got something to drop in later? So lets go to town tonight! Maybe mum can take us in.",,,
ham,"I feel like a dick because I keep sleeping through your texts and facebook messages. Sup, you in town?",,,
spam,XMAS iscoming & ur awarded either å£500 CD gift vouchers & free entry 2 r å£100 weekly draw txt MUSIC to 87066 TnC www.Ldew.com1win150ppmx3age16subscription ,,,
ham,We still on for tonight?,,,
ham,"Huh... Hyde park not in mel ah, opps, got confused... Anyway, if tt's e best choice den we juz have to take it...",,,
ham,I wud never mind if u dont miss me or if u dont need me.. But u wil really hurt me wen u need me &amp; u dont tell me......... Take care:-),,,
spam,"Fantasy Football is back on your TV. Go to Sky Gamestar on Sky Active and play å£250k Dream Team. Scoring starts on Saturday, so register now!SKY OPT OUT to 88088",,,
ham,Anytime...,,,
ham,"Wen ur lovable bcums angry wid u, dnt take it seriously.. Coz being angry is d most childish n true way of showing deep affection, care n luv!.. kettoda manda... Have nice day da.",,,
ham,"Sorry, I'll call later",,,
ham,It's justbeen overa week since we broke up and already our brains are going to mush!,,,
spam,Great NEW Offer - DOUBLE Mins & DOUBLE Txt on best Orange tariffs AND get latest camera phones 4 FREE! Call MobileUpd8 free on 08000839402 NOW! or 2stoptxt T&Cs,,,
ham,Fwiw the reason I'm only around when it's time to smoke is that because of gas I can only afford to be around when someone tells me to be and that apparently only happens when somebody wants to light up,,,
ham,Nutter. Cutter. Ctter. Cttergg. Cttargg. Ctargg. Ctagg. ie you,,,
spam,Wanna get laid 2nite? Want real Dogging locations sent direct to ur mobile? Join the UK's largest Dogging Network. Txt PARK to 69696 now! Nyt. ec2a. 3lp å£1.50/msg,,,
ham,I cant pick the phone right now. Pls send a message,,,
spam,Please call our customer service representative on FREEPHONE 0808 145 4742 between 9am-11pm as you have WON a guaranteed å£1000 cash or å£5000 prize!,,,
ham,K..then come wenever u lik to come and also tel vikky to come by getting free time..:-),,,
ham,"Call me, i am senthil from hsbc.",,,
ham,Missing you too.pray inshah allah,,,
ham,Wen did you get so spiritual and deep. That's great,,,
ham,Aiyah e rain like quite big leh. If drizzling i can at least run home.,,,
ham,Huh so slow i tot u reach long ago liao... U 2 more days only i 4 more leh...,,,
ham,I want to be there so i can kiss you and feel you next to me,,,
spam,FREE for 1st week! No1 Nokia tone 4 ur mobile every week just txt NOKIA to 8077 Get txting and tell ur mates. www.getzed.co.uk POBox 36504 W45WQ 16+ norm150p/tone,,,
ham,LMAO where's your fish memory when I need it?,,,
ham,Lol for real. She told my dad I have cancer,,,
ham,"By the way, make sure u get train to worc foregate street not shrub hill. Have fun night x",,,
ham,Where did u go? My phone is gonna die you have to stay in here,,,
ham,"Damn, can you make it tonight or do you want to just wait til tomorrow",,,
ham,I cant pick the phone right now. Pls send a message,,,
ham,Good morning princess! How are you?,,,
spam,You have an important customer service announcement from PREMIER. Call FREEPHONE 0800 542 0578 now!,,,
ham,Sir send to group mail check it.,,,
ham,Friends that u can stay on fb chat with,,,
spam,"For ur chance to win a å£250 cash every wk TXT: ACTION to 80608. T's&C's www.movietrivia.tv custcare 08712405022, 1x150p/wk.",,,
ham,"It's fine, imma get a drink or somethin. Want me to come find you?",,,
ham,Neshanth..tel me who r u?,,,
ham,Good morning princess! Have a great day!,,,
ham,"By the way, i've put a skip right outside the front of the house so you can see which house it is. Just pull up before it.",,,
ham,"Sweet, we may or may not go to 4U to meet carlos so gauge patty's interest in that",,,
spam,No. 1 Nokia Tone 4 ur mob every week! Just txt NOK to 87021. 1st Tone FREE ! so get txtin now and tell ur friends. 150p/tone. 16 reply HL 4info,,,
ham,I plane to give on this month end.,,,
ham,"Open rebtel with firefox. When it loads just put plus sign in the user name place, and it will show you two numbers. The lower number is my number. Once you pick that number the pin will display okay!",,,
spam,For sale - arsenal dartboard. Good condition but no doubles or trebles!,,,
spam,December only! Had your mobile 11mths+? You are entitled to update to the latest colour camera mobile for Free! Call The Mobile Update Co FREE on 08002986906,,,
ham,Yup... I havent been there before... You want to go for the yoga? I can call up to book ,,,
ham,Morning only i can ok.,,,
ham,"7 wonders in My WORLD 7th You 6th Ur style 5th Ur smile 4th Ur Personality 3rd Ur Nature 2nd Ur SMS and 1st \Ur Lovely Friendship\""... good morning dear""",,,
ham,The bus leaves at  &lt;#&gt; ,,,
ham,Oi. Ami parchi na re. Kicchu kaaj korte iccha korche na. Phone ta tul na. Plz. Plz.,,,
spam,Save money on wedding lingerie at www.bridal.petticoatdreams.co.uk Choose from a superb selection with national delivery. Brought to you by WeddingFriend,,,
ham,If you r @ home then come down within 5 min,,,
ham,Ok then i will come to ur home after half an hour,,,
spam,"As a SIM subscriber, you are selected to receive a Bonus! Get it delivered to your door, Txt the word OK to No: 88600 to claim. 150p/msg, EXP. 30Apr",,,
ham,I like to talk pa but am not able to. I dont know y.,,,
ham,I didnt get anything da,,,
ham,Cause I'm not freaky lol,,,
ham,S.i think he is waste for rr..,,,
ham,So Ì_'ll be submitting da project tmr rite?,,,
ham,"Aight, I'll ask a few of my roommates",,,
ham,"TODAY is Sorry day.! If ever i was angry with you, if ever i misbehaved or hurt you? plz plz JUST SLAP URSELF Bcoz, Its ur fault, I'm basically GOOD",,,
spam,Get your garden ready for summer with a FREE selection of summer bulbs and seeds worth å£33:50 only with The Scotsman this Saturday. To stop go2 notxt.co.uk,,,
spam,"For ur chance to win a å£250 cash every wk TXT: ACTION to 80608. T's&C's www.movietrivia.tv custcare 08712405022, 1x150p/wk",,,
ham,"A bit of Ur smile is my hppnss, a drop of Ur tear is my sorrow, a part of Ur heart is my life, a heart like mine wil care for U, forevr as my GOODFRIEND",,,
ham,"Dont give a monkeys wot they think and i certainly don't mind. Any friend of mine&all that! Just don't sleep wiv , that wud be annoyin!",,,
ham,Ew are you one of them?,,,
ham,How much she payed. Suganya.,,,
ham,Gd luck 4 ur exams :-),,,
ham,I meant middle left or right?,,,
ham,"\What are youdoing later? Sar xxx\""""",,,
ham,Did you show him and wot did he say or could u not c him 4 dust?,,,
ham,HI DARLIN IM MISSIN U HOPE YOU ARE HAVING A GOOD TIME. WHEN ARE U BACK AND WHAT TIME IF U CAN GIVE ME A CALL AT HOME. JESS XX,,,
ham,Dude just saw a parked car with its sunroof popped up. Sux,,,
ham,Let me know if you need anything else. Salad or desert or something... How many beers shall i get?,,,
spam,"0A$NETWORKS allow companies to bill for SMS, so they are responsible for their \suppliers\"""," just as a shop has to give a guarantee on what they sell. B. G.""",,
ham,There r many model..sony ericson also der.. &lt;#&gt; ..it luks good bt i forgot modl no,,,
ham,Go fool dont cheat others ok,,,
ham,I want to tel u one thing u should not mistake me k THIS IS THE MESSAGE THAT YOU SENT:),,,
ham,"Well, I meant as opposed to my drunken night of before",,,
ham,The evo. I just had to download flash. Jealous?,,,
ham,"Finally it has happened..! Aftr decades..! BEER is now cheaper than PETROL! The goverment expects us to \DRINK\"". . . But don't \""DRIVE \""""",,,
spam,"You can stop further club tones by replying \STOP MIX\"" See my-tone.com/enjoy. html for terms. Club tones cost GBP4.50/week. MFL"," PO Box 1146 MK45 2WT (2/3)""",,
ham,I will come tomorrow di,,,
ham,Thanks for sending this mental ability question..,,,
ham,K k:) sms chat with me.,,,
ham,You said not now. No problem. When you can. Let me know.,,,
ham,"Storming msg: Wen u lift d phne, u say \HELLO\"" Do u knw wt is d real meaning of HELLO?? . . . It's d name of a girl..! . . . Yes.. And u knw who is dat girl?? \""Margaret Hello\"" She is d girlfrnd f Grahmbell who invnted telphone... . . . . Moral:One can 4get d name of a person"," bt not his girlfrnd... G o o d n i g h t . . .@""",,
ham,Oh yeah clearly it's my fault,,,
spam,You are awarded a SiPix Digital Camera! call 09061221061 from landline. Delivery within 28days. T Cs Box177. M221BP. 2yr warranty. 150ppm. 16 . p på£3.99,,,
ham,Mmmm.... I cant wait to lick it!,,,
ham,You still coming tonight?,,,
ham,Shant disturb u anymore... Jia you...,,,
spam,Free entry in 2 a wkly comp to win FA Cup final tkts 21st May 2005. Text FA to 87121 to receive entry question(std txt rate)T&C's apply 08452810075over18's,,,
ham,Gam gone after outstanding innings.,,,
ham,"Fair enough, anything going on?",,,
ham,"Oh, i will get paid. The most outstanding one is for a commercial i did for Hasbro...in AUGUST! They made us jump through so many hoops to get paid. Still not.",,,
ham,Just finished eating. Got u a plate. NOT leftovers this time.,,,
ham,So how are you really. What are you up to. How's the masters. And so on.,,,
ham,"(And my man carlos is definitely coming by mu tonight, no excuses)",,,
ham,"Oh, yes, I've just been a little under the weather so i've kind of been coccooning at home",,,
ham,Asking do u knw them or nt? May be ur frnds or classmates?,,,
ham,Lol u still feeling sick?,,,
ham,I've reached home finally...,,,
ham,Kaiez... Enjoy ur tuition... Gee... Thk e second option sounds beta... I'll go yan jiu den msg u...,,,
ham,Can come my room but cannot come my house cos my house still messy... Haha...,,,
ham,I've been trying to reach him without success,,,
ham,Don know:)this week i'm going to tirunelvai da.,,,
ham,"Sorry, I'll call later",,,
ham,Heart is empty without love.. Mind is empty without wisdom.. Eyes r empty without dreams &amp; Life is empty without frnds.. So Alwys Be In Touch. Good night &amp; sweet dreams,,,
ham,Bull. Your plan was to go floating off to IKEA with me without a care in the world. So i have to live with your mess another day.,,,
ham,Its ok..come to my home it vl nice to meet and v can chat..,,,
ham,"Oh... Haha... Den we shld had went today too... Gee, nvm la... Kaiez, i dun mind goin jazz oso... Scared hiphop open cant catch up... ",,,
ham,Ok ok take care. I can understand.,,,
ham,But i dint slept in afternoon.,,,
ham,"Wat time liao, where still got.",,,
ham,Long beach lor. Expected... U having dinner now?,,,
ham,"That's the trouble with classes that go well - you're due a dodgey one Û_ Expecting mine tomo! See you for recovery, same time, same place ",,,
ham,If You mean the website. Yes.,,,
ham,Thk some of em find wtc too far... Weiyi not goin... E rest i dunno yet... R ur goin 4 dinner den i might b able to join...,,,
ham,Leave it wif me lar... ÌÏ wan to carry meh so heavy... Is da num 98321561 familiar to Ì_?,,,
spam,"Oh my god! I've found your number again! I'm so glad, text me back xafter this msgs cst std ntwk chg å£1.50",,,
spam,You are awarded a SiPix Digital Camera! call 09061221061 from landline. Delivery within 28days. T Cs Box177. M221BP. 2yr warranty. 150ppm. 16 . p på£3.99,,,
ham,hiya hows it going in sunny africa? hope u r avin a good time. give that big old silver back a big kiss from me.,,,
ham,"Lol you forgot it eh ? Yes, I'll bring it in babe",,,
ham,By monday next week. Give me the full gist,,,
ham,I will lick up every drop :) are you ready to use your mouth as well?,,,
ham,ÌÏ called dad oredi...,,,
ham,Tell my  bad character which u Dnt lik in me. I'll try to change in  &lt;#&gt; . I ll add tat 2 my new year resolution. Waiting for ur reply.Be frank...good morning.,,,
ham,Lol grr my mom is taking forever with my prescription. Pharmacy is like 2 minutes away. Ugh.,,,
spam,"Had your contract mobile 11 Mnths? Latest Motorola, Nokia etc. all FREE! Double Mins & Text on Orange tariffs. TEXT YES for callback, no to remove from records",,,
ham,"Hi, wkend ok but journey terrible. Wk not good as have huge back log of marking to do",,,
ham,Hi! This is Roger from CL. How are you?,,,
ham,HIYA STU WOT U UP 2.IM IN SO MUCH TRUBLE AT HOME AT MOMENT EVONE HATES ME EVEN U! WOT THE HELL AV I DONE NOW? Y WONT U JUST TELL ME TEXT BCK PLEASE LUV DAN ,,,
ham,Ya that one is slow as poo,,,
ham,Jus finish bathing...,,,
ham,"Tell you what, if you make a little spreadsheet and track whose idea it was to smoke to determine who \smokes too much\"" for the entire month of february"," I'll come up""",,
ham,Sleeping nt feeling well,,,
ham,IM LATE TELLMISS IM ON MY WAY,,,
ham,All e best 4 ur driving tmr :-),,,
ham,Guess which pub im in? Im as happy as a pig in clover or whatever the saying is! ,,,
ham,Ok. I asked for money how far,,,
ham,Send to someone else :-),,,
ham,"Men always needs a beautiful, intelligent, caring, loving, adjustable, cooperative wife. But the law allows only one wife....",,,
ham,Send me your id and password,,,
ham,Its a valentine game. . . send dis msg to all ur friends. . If 5 answers r d same then someone really loves u. . Ques- which colour suits me the best?,,,
ham,It's Ì© only $140 ard...Ìä rest all ard $180 at least...Which is Ì© price 4 Ì© 2 bedrm ($900),,,
ham,Dont think you need yellow card for uk travel. Ask someone that has gone before. If you do its just  &lt;#&gt; bucks,,,
ham,You available now? I'm like right around hillsborough &amp;  &lt;#&gt; th,,,
ham,Unlimited texts. Limited minutes.,,,
ham,Are we doing the norm tomorrow? I finish just a 4.15 cos of st tests. Need to sort library stuff out at some point tomo - got letter from today - access til end march so i better get move on!,,,
ham,"We made it! Eta at taunton is 12:30 as planned, hope thatÛ÷s still okday?! Good to see you! :-xx",,,
ham,Did either of you have any idea's? Do you know of anyplaces doing something?,,,
ham,Can you say what happen,,,
ham,Hope you are having a good week. Just checking in,,,
ham,"Cool, text me when you're ready",,,
ham,You are a great role model. You are giving so much and i really wish each day for a miracle but God as a reason for everything and i must say i wish i knew why but i dont. I've looked up to you since i was young and i still do. Have a great day.,,,
ham,"Sir, I need AXIS BANK account no and bank address.",,,
ham,"Yeah, that's fine! It's å£6 to get in, is that ok? ",,,
ham,"Awesome, that gonna be soon or later tonight?",,,
ham,But you dint in touch with me.,,,
ham,"wiskey Brandy Rum Gin Beer Vodka Scotch Shampain Wine \KUDI\""yarasu dhina vaazhthukkal. ..""",,,
ham,"Yeah, don't go to bed, I'll be back before midnight",,,
spam,"New Mobiles from 2004, MUST GO! Txt: NOKIA to No: 89545 & collect yours today! From ONLY å£1. www.4-tc.biz 2optout 087187262701.50gbp/mtmsg18 TXTAUCTION.",,,
spam,"Free entry to the gr8prizes wkly comp 4 a chance to win the latest Nokia 8800, PSP or å£250 cash every wk.TXT GREAT to 80878 http//www.gr8prizes.com 08715705022",,,
ham,That one week leave i put know that time. Why.,,,
ham,No problem with the renewal. I.ll do it right away but i dont know his details.,,,
ham,We are supposed to meet to discuss abt our trip... Thought xuhui told you? In the afternoon. Thought we can go for lesson after that,,,
spam,"Sunshine Hols. To claim ur med holiday send a stamped self address envelope to Drinks on Us UK, PO Box 113, Bray, Wicklow, Eire. Quiz Starts Saturday! Unsub Stop",,,
ham,"I can't speak, bcaz mobile have problem. I can listen you but you cann't listen my voice. So i calls you later.",,,
ham,"Aight, tomorrow around  &lt;#&gt;  it is",,,
ham,Yeh. Indians was nice. Tho it did kane me off a bit he he. We shud go out 4 a drink sometime soon. Mite hav 2 go 2 da works 4 a laugh soon. Love Pete x x,,,
ham,Ok...,,,
ham,Not getting anywhere with this damn job hunting over here!,,,
ham,Yo do you know anyone  &lt;#&gt;  or otherwise able to buy liquor? Our guy flaked and right now if we don't get a hold of somebody its just 4 loko all night,,,
ham,How u doin baby girl ?? hope u are okay every time I call ure phone is off! I miss u get in touch,,,
ham,That's good. Lets thank God. Please complete the drug. Have lots of water. And have a beautiful day.,,,
ham,staff.science.nus.edu.sg/~phyhcmk/teaching/pc1323,,,
ham,So do you have samus shoulders yet,,,
spam,"You have been selected to stay in 1 of 250 top British hotels - FOR NOTHING! Holiday Worth å£350! To Claim, Call London 02072069400. Bx 526, SW73SS",,,
ham,Dunno lei he neva say...,,,
ham,"\Happy valentines day\"" I know its early but i have hundreds of handsomes and beauties to wish. So i thought to finish off aunties and uncles 1st...""",,,
ham,I absolutely LOVE South Park! I only recently started watching the office.,,,
ham,Going on nothing great.bye,,,
ham,I can take you at like noon,,,
ham,Wait . I will msg after  &lt;#&gt;  min.,,,
ham,No but the bluray player can,,,
ham,What Today-sunday..sunday is holiday..so no work..,,,
ham,"No worries, hope photo shoot went well. have a spiffing fun at workage. ",,,
ham,S..antha num corrct dane,,,
ham,Not able to do anything.,,,
spam,Congratulations ur awarded either å£500 of CD gift vouchers & Free entry 2 our å£100 weekly draw txt MUSIC to 87066 TnCs www.Ldew.com 1 win150ppmx3age16,,,
ham,I finished my lunch already. U wake up already?,,,
ham,One small prestige problem now.,,,
ham,HI DARLIN ITS KATE ARE U UP FOR DOIN SOMETHIN TONIGHT? IM GOING TO A PUB CALLED THE SWAN OR SOMETHING WITH MY PARENTS FOR ONE DRINK SO PHONE ME IF U CAN,,,
spam,GSOH? Good with SPAM the ladies?U could b a male gigolo? 2 join the uk's fastest growing mens club reply ONCALL. mjzgroup. 08714342399.2stop reply STOP. msg@å£1.50rcvd,,,
ham,R u still working now?,,,
ham,Reason is if the team budget is available at last they buy the unsold players for at base rate..,,,
spam,"FREE MESSAGE Activate your 500 FREE Text Messages by replying to this message with the word FREE For terms & conditions, visit www.07781482378.com",,,
spam,"You've won tkts to the EURO2004 CUP FINAL or å£800 CASH, to collect CALL 09058099801 b4190604, POBOX 7876150ppm",,,
ham,"Yeah I think my usual guy's still passed out from last night, if you get ahold of anybody let me know and I'll throw down",,,
ham,I cant pick the phone right now. Pls send a message,,,
ham,You dont know you jabo me abi.,,,
ham,"She was supposed to be but couldn't make it, she's still in town though",,,
spam,Freemsg: 1-month unlimited free calls! Activate SmartCall Txt: CALL to No: 68866. Subscriptn3gbp/wk unlimited calls Help: 08448714184 Stop?txt stop landlineonly,,,
ham,"Good afternoon, my love ... How goes your day ? How did you sleep ? I hope your well, my boytoy ... I think of you ...",,,
spam,Collect your VALENTINE'S weekend to PARIS inc Flight & Hotel + å£200 Prize guaranteed! Text: PARIS to No: 69101. www.rtf.sphosting.com,,,
ham,Aight what time you want me to come up?,,,
ham,"Easy mate, * guess the quick drink was bit ambitious.",,,
ham,DO U WANT 2 MEET UP 2MORRO,,,
spam,"SMSSERVICES. for yourinclusive text credits, pls goto www.comuk.net login= 3qxj9 unsubscribe with STOP, no extra charge. help 08702840625.COMUK. 220-CM2 9AE",,,
ham,I jokin oni lar.. ÌÏ busy then i wun disturb Ì_.,,,
ham,Hey whats up? U sleeping all morning?,,,
ham,Hey next sun 1030 there's a basic yoga course... at bugis... We can go for that... Pilates intro next sat.... Tell me what time you r free,,,
spam,07732584351 - Rodger Burns - MSG = We tried to call you re your reply to our sms for a free nokia mobile + free camcorder. Please call now 08000930705 for delivery tomorrow,,,
ham,O we cant see if we can join denis and mina? Or does denis want alone time,,,
spam,"LookAtMe!: Thanks for your purchase of a video clip from LookAtMe!, you've been charged 35p. Think you can do better? Why not send a video in a MMSto 32323.",,,
ham,"That's cool he'll be here all night, lemme know when you're around",,,
ham,Oh baby of the house. How come you dont have any new pictures on facebook,,,
spam,XCLUSIVE@CLUBSAISAI 2MOROW 28/5 SOIREE SPECIALE ZOUK WITH NICHOLS FROM PARIS.FREE ROSES 2 ALL LADIES !!! info: 07946746291/07880867867 ,,,
ham,Hello! How's you and how did saturday go? I was just texting to see if you'd decided to do anything tomo. Not that i'm trying to invite myself or anything!,,,
ham,I not busy juz dun wan 2 go so early.. Hee.. ,,,
ham,"A swt thought: \Nver get tired of doing little things 4 lovable persons..\"" Coz..somtimes those little things occupy d biggest part in their Hearts.. Gud ni8""",,,
ham,No. Thank you. You've been wonderful,,,
ham,"Hey , is * rite u put åÈ10 evey mnth is that all?",,,
ham,Aight ill get on fb in a couple minutes,,,
spam,2p per min to call Germany 08448350055 from your BT line. Just 2p per min. Check PlanetTalkInstant.com for info & T's & C's. Text stop to opt out,,,
ham,"Sorry man my account's dry or I would, if you want we could trade back half or I could buy some shit with my credit card",,,
spam,More people are dogging in your area now. Call 09090204448 and join like minded guys. Why not arrange 1 yourself. There's 1 this evening. Aå£1.50 minAPN LS278BB,,,
ham,"Plz note: if anyone calling from a mobile Co. &amp; asks u to type # &lt;#&gt;  or # &lt;#&gt; . Do not do so. Disconnect the call,coz it iz an attempt of 'terrorist' to make use of the sim card no. Itz confirmd by nokia n motorola n has been verified by CNN IBN.",,,
ham,i dnt wnt to tlk wid u,,,
ham,"Found it, ENC  &lt;#&gt; , where you at?",,,
ham,"After my work ah... Den 6 plus lor... U workin oso rite... Den go orchard lor, no other place to go liao...",,,
ham,Happy New year my dear brother. I really do miss you. Just got your number and decided to send you this text wishing you only happiness. Abiola,,,
ham,But I'm on a diet. And I ate 1 too many slices of pizza yesterday. Ugh I'm ALWAYS on a diet.,,,
ham,What happened to our yo date?,,,
ham,I'm really sorry i won't b able 2 do this friday.hope u can find an alternative.hope yr term's going ok:-),,,
spam,"WELL DONE! Your 4* Costa Del Sol Holiday or å£5000 await collection. Call 09050090044 Now toClaim. SAE, TCs, POBox334, Stockport, SK38xh, Costå£1.50/pm, Max10mins",,,
ham,But i'll b going 2 sch on mon. My sis need 2 take smth.,,,
spam,Don't b floppy... b snappy & happy! Only gay chat service with photo upload call 08718730666 (10p/min). 2 stop our texts call 08712460324,,,
ham,Well i know Z will take care of me. So no worries.,,,
ham,HOW ARE U? I HAVE MISSED U! I HAVENT BEEN UP 2 MUCH A BIT BORED WITH THE HOLIDAY WANT 2 GO BAK 2 COLLEGE! SAD ISNT IT?xx,,,
ham,S.s:)i thinl role is like sachin.just standing. Others have to hit.,,,
ham,Hey i'm bored... So i'm thinking of u... So wat r u doing?,,,
ham, what number do u live at? Is it 11?,,,
ham, &lt;DECIMAL&gt; m but its not a common car here so its better to buy from china or asia. Or if i find it less expensive. I.ll holla,,,
ham,Wat makes u thk i'll fall down. But actually i thk i'm quite prone 2 falls. Lucky my dad at home i ask him come n fetch me already.,,,
ham,Going to join tomorrow.,,,
ham,"Yeah probably, I still gotta check out with leo",,,
ham,"I'm in solihull, | do you want anything?",,,
spam,FreeMsg:Feelin kinda lnly hope u like 2 keep me company! Jst got a cam moby wanna c my pic?Txt or reply DATE to 82242 Msg150p 2rcv Hlp 08712317606 stop to 82242,,,
ham,"whatever, im pretty pissed off.",,,
ham,Then u going ikea str aft dat?,,,
spam,"This is the 2nd time we have tried 2 contact u. U have won the 750 Pound prize. 2 claim is easy, call 08718726970 NOW! Only 10p per min. BT-national-rate ",,,
spam,"HOT LIVE FANTASIES call now 08707509020 Just 20p per min NTT Ltd, PO Box 1327 Croydon CR9 5WB 0870..k",,,
ham,Are you not around or just still asleep? :V,,,
ham,"Yup, leaving right now, be back soon",,,
ham,Yes :)it completely in out of form:)clark also utter waste.,,,
spam,"Urgent UR awarded a complimentary trip to EuroDisinc Trav, Aco&Entry41 Or å£1000. To claim txt DIS to 87121 18+6*å£1.50(moreFrmMob. ShrAcomOrSglSuplt)10, LS1 3AJ",,,
ham,"Please protect yourself from e-threats. SIB never asks for sensitive information like Passwords,ATM/SMS PIN thru email. Never share your password with anybody.",,,
ham," came to look at the flat, seems ok, in his 50s? * Is away alot wiv work. Got woman coming at 6.30 too.",,,
ham,Also where's the piece,,,
ham,I'm always on yahoo messenger now. Just send the message to me and i.ll get it you may have to send it in the mobile mode sha but i.ll get it. And will reply.,,,
ham,ÌÏ say until like dat i dun buy ericsson oso cannot oredi lar...,,,
ham,Raji..pls do me a favour. Pls convey my Birthday wishes to Nimya. Pls. Today is her birthday.,,,
ham,What to think no one saying clearly. Ok leave no need to ask her. I will go if she come or not,,,
ham,Exactly. Anyways how far. Is jide her to study or just visiting,,,
ham,Quite late lar... Ard 12 anyway i wun b drivin...,,,
ham,my ex-wife was not able to have kids. Do you want kids one day?,,,
ham,I gotta collect da car at 6 lei.,,,
ham,"I keep seeing weird shit and bein all \woah\"" then realising it's actually reasonable and I'm all \""oh\""""",,,
spam,Congrats! Nokia 3650 video camera phone is your Call 09066382422 Calls cost 150ppm Ave call 3mins vary from mobiles 16+ Close 300603 post BCM4284 Ldn WC1N3XX,,,
ham,I luv u soo much u donåÕt understand how special u r 2 me ring u 2morrow luv u xxx,,,
ham,"Hi, Mobile no.  &lt;#&gt;  has added you in their contact list on www.fullonsms.com It s a great place to send free sms to people For more visit fullonsms.com",,,
ham,Purity of friendship between two is not about smiling after reading the forwarded message..Its about smiling just by seeing the name. Gud evng,,,
ham,Sorry da..today i wont come to play..i have driving clas..,,,
ham,All e best 4 ur exam later.,,,
ham,HELLO PEACH! MY CAKE TASTS LUSH!,,,
ham,Thought praps you meant another one. Goodo! I'll look tomorrow ,,,
ham,Don know..he is watching film in computer..,,,
ham,Up to Ì_... ÌÏ wan come then come lor... But i din c any stripes skirt...,,,
ham,Y bishan lei... I tot Ì_ say lavender? ,,,
ham,I've reached already.,,,
ham,ÌÏ bot notes oredi... Cos i juz rem i got...,,,
ham,Prepare to be pounded every night...,,,
ham,ÌÏ takin linear algebra today?,,,
ham,Blank is Blank. But wat is blank? Lol,,,
ham,Can i get your opinion on something first?,,,
ham,Honestly i've just made a lovely cup of tea and promptly dropped my keys in it and then burnt my fingers getting them out!,,,
ham,"7 wonders in My WORLD 7th You 6th Ur style 5th Ur smile 4th Ur Personality 3rd Ur Nature 2nd Ur SMS and 1st \Ur Lovely Friendship\""... good morning dear""",,,
spam,T-Mobile customer you may now claim your FREE CAMERA PHONE upgrade & a pay & go sim card for your loyalty. Call on 0845 021 3680.Offer ends 28thFeb.T&C's apply,,,
ham,Did u got that persons story,,,
spam,"Today's Offer! Claim ur å£150 worth of discount vouchers! Text YES to 85023 now! SavaMob, member offers mobile! T Cs 08717898035. å£3.00 Sub. 16 . Unsub reply X",,,
ham,Good. No swimsuit allowed :),,,
ham,dont make ne plans for nxt wknd coz she wants us to come down then ok,,,
ham,"Yeah sure, give me a couple minutes to track down my wallet",,,
ham,"Oh, then your phone phoned me but it disconnected",,,
ham,IM GONNA MISS U SO MUCH,,,
ham,Oh that was a forwarded message. I thought you send that to me,,,
ham,"Hey doc pls I want to get nice t shirt for my hubby nice fiting ones my budget is  &lt;#&gt; k help pls I will load d card abi hw,keep me posted luv. 2 mj",,,
ham,"Good afternoon, my love. How goes your day ? What are you up to ? I woke early and am online waiting for you ... Hmmm ... Italian boy is online I see . *grins*",,,
ham,There's someone here that has a year  &lt;#&gt;  toyota camry like mr olayiwola's own. Mileage is  &lt;#&gt; k.its clean but i need to know how much will it sell for. If i can raise the dough for it how soon after landing will it sell. Holla back.,,,
ham,We walked from my moms. Right on stagwood pass right on winterstone left on victors hill. Address is &lt;#&gt;,,,
ham,Waaaat?? Lololo ok next time then!,,,
ham,"Hurry up, I've been weed-deficient for like three days",,,
ham,"not that I know of, most people up here are still out of town",,,
ham,How i noe... She's in da car now... Later then c lar... I'm wearing shorts...,,,
ham,Howz pain.it will come down today.do as i said ystrday.ice and medicine.,,,
ham,I wish that I was with you. Holding you tightly. Making you see how important you are. How much you mean to me ... How much I need you ... In my life ...,,,
ham,I am in hospital da. . I will return home in evening,,,
ham,Howz that persons story,,,
ham,Well that must be a pain to catch,,,
ham,Anything lor is she coming?,,,
ham,"No i'm not. I can't give you everything you want and need. You actually could do better for yourself on yor own--you've got more money than i do. I can't get work, i can't get a man, i can't pay the rent, i can't even fill my fucking gas tank. yes, i'm stressed and depressed. I didn't even call home for thanksgiving cuz i'll have to tell them i,m up to nothing.",,,
ham,Just got up. have to be out of the room very soon. Û_. i hadn't put the clocks back til at 8 i shouted at everyone to get up and then realised it was 7. wahay. another hour in bed.,,,
spam,"Download as many ringtones as u like no restrictions, 1000s 2 choose. U can even send 2 yr buddys. Txt Sir to 80082 å£3 ",,,
ham,You only hate me. You can call any but you didnt accept even a single call of mine. Or even you messaged,,,
ham,K..k...from tomorrow onwards started ah?,,,
ham,Dad says hurry the hell up,,,
ham,Doesn't g have class early tomorrow and thus shouldn't be trying to smoke at  &lt;#&gt;,,,
ham,"Cool, what time you think you can get here?",,,
ham,Dont put your phone on silent mode ok,,,
ham,There bold 2  &lt;#&gt; . Is that yours,,,
ham,Have you always been saying welp?,,,
ham,Oh k.k..where did you take test?,,,
ham,Should i send you naughty pix? :),,,
ham,Thanks love. But am i doing torch or bold.,,,
spam,Ur cash-balance is currently 500 pounds - to maximize ur cash-in now send GO to 86688 only 150p/msg. CC 08718720201 HG/Suite342/2Lands Row/W1J6HL,,,
ham,O shore are you takin the bus,,,
ham,Then. You are eldest know.,,,
ham,Sorry about that this is my mates phone and i didnt write it love Kate,,,
ham,I dont know ask to my brother. Nothing problem some thing that. Just i told .,,,
ham,Genius what's up. How your brother. Pls send his number to my skype.,,,
ham,How dare you change my ring,,,
ham,How come guoyang go n tell her? Then u told her?,,,
ham,I uploaded mine to Facebook,,,
ham,Where are you?when wil you reach here?,,,
ham,Then any special there?,,,
ham,Shall i ask one thing if you dont mistake me.,,,
ham,Thank You meet you monday,,,
ham,I know! Grumpy old people. My mom was like you better not be lying. Then again I am always the one to play jokes...,,,
ham,Why nothing. Ok anyway give me treat,,,
ham,"Fuuuuck I need to stop sleepin, sup",,,
ham,"That means you got an A in epi, she.s fine. She.s here now.",,,
spam,Congratulations ur awarded either å£500 of CD gift vouchers & Free entry 2 our å£100 weekly draw txt MUSIC to 87066 TnCs www.Ldew.com1win150ppmx3age16,,,
spam,URGENT! We are trying to contact you. Last weekends draw shows that you have won a å£900 prize GUARANTEED. Call 09061701939. Claim code S89. Valid 12hrs only,,,
ham,"Ok thats cool. Its , just off either raglan rd or edward rd. Behind the cricket ground. Gimme ring when ur closeby see you tuesday.",,,
ham,Ok. But i finish at 6.,,,
ham,Text her. If she doesnt reply let me know so i can have her log in,,,
spam,Want 2 get laid tonight? Want real Dogging locations sent direct 2 ur Mob? Join the UK's largest Dogging Network by txting MOAN to 69888Nyt. ec2a. 31p.msg@150p,,,
ham,Yo we are watching a movie on netflix,,,
ham,I love ya too but try and budget your money better babe. Gary would freak on me if he knew,,,
ham,I am in tirupur.  call you da.,,,
ham,As per your request 'Melle Melle (Oru Minnaminunginte Nurungu Vettam)' has been set as your callertune for all Callers. Press *9 to copy your friends Callertune,,,
ham,"Ooh, 4got, i'm gonna start belly dancing in moseley weds 6.30 if u want 2 join me, they have a cafe too. ",,,
ham,Try to do something dear. You read something for exams,,,
ham,"Ya ok, then had dinner?",,,
spam,WINNER!! As a valued network customer you have been selected to receivea å£900 prize reward! To claim call 09061701461. Claim code KL341. Valid 12 hours only.,,,
spam,Our records indicate u maybe entitled to 5000 pounds in compensation for the Accident you had. To claim 4 free reply with CLAIM to this msg. 2 stop txt STOP,,,
ham,What's up my own oga. Left my phone at home and just saw ur messages. Hope you are good. Have a great weekend.,,,
ham,Hey you told your name to gautham ah?,,,
ham,Hey do you want anything to buy:),,,
ham,Dear good morning how you feeling dear,,,
ham,You do what all you like,,,
ham,I know you mood off today,,,
ham,Me too baby! I promise to treat you well! I bet you will take good care of me...,,,
ham,Not thought bout it... || Drink in tap & spile at seven. || Is that pub on gas st off broad st by canal. || Ok?,,,
ham,"Nah, Wednesday. When should I bring the mini cheetos bag over?",,,
ham,"Alright omw, gotta change my order to a half8th",,,
spam,U have won a nokia 6230 plus a free digital camera. This is what u get when u win our FREE auction. To take part send NOKIA to 83383 now. POBOX114/14TCR/W1 16,,,
ham,I wanna watch that movie,,,
ham,Hurt me... Tease me... Make me cry... But in the end of my life when i die plz keep one rose on my grave and say STUPID I MISS U.. HAVE A NICE DAY BSLVYL,,,
ham,Finish already... Yar they keep saying i mushy... I so embarrassed ok...,,,
spam,"If you don't, your prize will go to another customer. T&C at www.t-c.biz 18+ 150p/min Polo Ltd Suite 373 London W1J 6HL Please call back if busy ",,,
ham,Ok i will tell her to stay out. Yeah its been tough but we are optimistic things will improve this month.,,,
ham,Ummma.will call after check in.our life will begin from qatar so pls pray very hard.,,,
ham,"Aight I've been set free, think you could text me blake's address? It occurs to me I'm not quite as sure what I'm doing as I thought I was",,,
ham,Oh dang! I didn't mean o send that to you! Lol!,,,
ham,When Ì_ login dat time... Dad fetching Ì_ home now?,,,
ham,&lt;#&gt; ISH MINUTES WAS 5 MINUTES AGO. WTF.,,,
spam,Great News! Call FREEFONE 08006344447 to claim your guaranteed å£1000 CASH or å£2000 gift. Speak to a live operator NOW!,,,
ham,Oh unintentionally not bad timing. Great. Fingers  the trains play along! Will give fifteen min warning.,,,
ham,I dled 3d its very imp,,,
ham,Aiyo cos i sms Ì_ then Ì_ neva reply so i wait 4 Ì_ to reply lar. I tot Ì_ havent finish ur lab wat.,,,
ham,Good afternoon starshine! How's my boytoy? Does he crave me yet? Ache to fuck me ? *sips cappuccino* I miss you babe *teasing kiss*,,,
spam,"FREE NOKIA Or Motorola with upto 12mths 1/2price linerental, 500 FREE x-net mins&100txt/mth FREE B'tooth*. Call Mobileupd8 on 08001950382 or call 2optout/D3WV",,,
ham,What happen dear tell me,,,
ham,"Haha, just what I was thinkin",,,
spam,Free 1st week entry 2 TEXTPOD 4 a chance 2 win 40GB iPod or å£250 cash every wk. Txt VPOD to 81303 Ts&Cs www.textpod.net custcare 08712405020.,,,
ham,twenty past five he said will this train have been to durham already or not coz i am in a reserved seat,,,
ham,Haha... Yup hopefully  we will lose a few kg by mon. after hip hop can go orchard and weigh again,,,
ham,"Doing nothing, then u not having dinner w us?",,,
ham,Purity of friendship between two is not about smiling after reading the forwarded message..Its about smiling just by seeing the name. Gud evng,,,
ham,Also are you bringing galileo or dobby,,,
spam,"Thanks for your ringtone order, reference number X29. Your mobile will be charged 4.50. Should your tone not arrive please call customer services 09065989180",,,
ham,U wan 2 haf lunch i'm in da canteen now.,,,
ham,O i played smash bros  &lt;#&gt;  religiously.,,,
ham,Roger that. WeÛ÷re probably going to rem in about 20,,,
ham,K.:)you are the only girl waiting in reception ah?,,,
ham,"The sign of maturity is not when we start saying big things.. But actually it is, when we start understanding small things... *HAVE A NICE EVENING* BSLVYL",,,
ham,Have you seen who's back at Holby?!,,,
ham,Sorry i now then c ur msg... Yar lor so poor thing... But only 4 one night... Tmr u'll have a brand new room 2 sleep in...,,,
spam,URGENT! Your Mobile number has been awarded a <UKP>2000 prize GUARANTEED. Call 09061790125 from landline. Claim 3030. Valid 12hrs only 150ppm,,,
ham,Pls give her the food preferably pap very slowly with loads of sugar. You can take up to an hour to give it. And then some water. Very very slowly.,,,
ham,"We are at grandmas. Oh dear, u still ill? I felt Shit this morning but i think i am just hungover! Another night then. We leave on sat.",,,
ham,Well its not like you actually called someone a punto. That woulda been worse.,,,
spam,"If you don't, your prize will go to another customer. T&C at www.t-c.biz 18+ 150p/min Polo Ltd Suite 373 London W1J 6HL Please call back if busy",,,
ham,Hiya. How was last night? I've been naughty and bought myself clothes and very little ... Ready for more shopping tho! What kind of time do you wanna meet?,,,
ham,Reckon need to be in town by eightish to walk from * carpark.,,,
ham,Sending you greetings of joy and happiness. Do have a gr8 evening,,,
ham,"Yo carlos, a few friends are already asking me about you, you working at all this weekend?",,,
ham,Sounds great! Im going to sleep now. Have a good night!,,,
ham,Have you had a good day? Mine was really busy are you up to much tomorrow night?,,,
ham,"Jay told me already, will do",,,
ham,Sent me de webadres for geting salary slip,,,
ham,Need a coffee run tomo?Can't believe it's that time of week already,,,
ham,\Si.como no?!listened2the plaid album-quite gd&the new air1 which is hilarious-also boughtåÓbraindanceåÓa comp.ofstuff on aphexåÕs ;abel,"u hav2hear it!c u sn xxxx\""""",,
ham,Back in brum! Thanks for putting us up and keeping us all and happy. See you soon ,,,
ham,No. I meant the calculation is the same. That  &lt;#&gt; units at  &lt;#&gt; . This school is really expensive. Have you started practicing your accent. Because its important. And have you decided if you are doing 4years of dental school or if you'll just do the nmde exam.,,,
ham,Dude while were makin those weirdy brownies my sister made awesome cookies. I took pics.,,,
ham,If you still havent collected the dough pls let me know so i can go to the place i sent it to get the control number,,,
ham,"G says you never answer your texts, confirm/deny",,,
ham,U guys never invite me anywhere :(,,,
ham,Depends on where u going lor.,,,
ham,Hey!!! I almost forgot ... Happy B-day babe ! I love ya!!,,,
ham,"Alright, we're all set here, text the man",,,
ham,We're done...,,,
ham,That would be great. We'll be at the Guild. Could meet on Bristol road or somewhere - will get in touch over weekend. Our plans take flight! Have a good week,,,
ham,Oh ho. Is this the first time u use these type of words,,,
ham,I only work from mon to thurs but Sat i cant leh... Booked liao... Which other day u free?,,,
ham,Eh u send wrongly lar...,,,
ham,Mm not entirely sure i understood that text but hey. Ho. Which weekend?,,,
spam,"You are a å£1000 winner or Guaranteed Caller Prize, this is our Final attempt to contact you! To Claim Call 09071517866 Now! 150ppmPOBox10183BhamB64XE",,,
spam,YES! The only place in town to meet exciting adult singles is now in the UK. Txt CHAT to 86688 now! 150p/Msg.,,,
ham,"Sun cant come to earth but send luv as rays. cloud cant come to river but send luv as rain. I cant come to meet U, but can send my care as msg to U. Gud evng",,,
ham,THANX 4 PUTTIN DA FONE DOWN ON ME!!,,,
ham,Eh sorry leh... I din c ur msg. Not sad already lar. Me watching tv now. U still in office?,,,
ham,Come to mahal bus stop.. &lt;DECIMAL&gt;,,,
ham,"Ever green quote ever told by Jerry in cartoon \A Person Who Irritates u Always Is the one Who Loves u Vry Much But Fails to Express It...!..!! :-) :-) gud nyt""",,,
ham,DonÛ÷t give a flying monkeys wot they think and I certainly donÛ÷t mind. Any friend of mine and all that!,,,
ham,Am in film ill call you later.,,,
ham,"Dude u knw also telugu..thts gud..k, gud nyt..",,,
ham,Another month. I need chocolate weed and alcohol.,,,
spam,83039 62735=å£450 UK Break AccommodationVouchers terms & conditions apply. 2 claim you mustprovide your claim number which is 15541 ,,,
spam,"Your free ringtone is waiting to be collected. Simply text the password \MIX\"" to 85069 to verify. Get Usher and Britney. FML", PO Box 5249," MK17 92H. 450Ppw 16""",
ham,Really... I tot ur paper ended long ago... But wat u copied jus now got use? U happy lar... I still haf 2 study :-(,,,
ham,"Yun ah.the ubi one say if Ì_ wan call by tomorrow.call 67441233 look for irene.ere only got bus8,22,65,61,66,382. Ubi cres,ubi tech park.6ph for 1st 5wkg days.Ì¬n",,,
spam,Urgent! Please call 09061743810 from landline. Your ABTA complimentary 4* Tenerife Holiday or #5000 cash await collection SAE T&Cs Box 326 CW25WX 150 ppm,,,
ham,How much you got for cleaning,,,
ham,"Come to me, slave. Your doing it again ... Going into your shell and unconsciously avoiding me ... You are making me unhappy :-(",,,
ham,Anyway holla at me whenever you're around because I need an excuse to go creep on people in sarasota,,,
ham,Thanks honey. Have a great day.,,,
ham,"Haha awesome, I might need to take you up on that, what you doin tonight?",,,
ham,Dun b sad.. It's over.. Dun thk abt it already. Concentrate on ur other papers k.,,,
ham,Have you heard from this week?,,,
ham,Studying. But i.ll be free next weekend.,,,
ham,Hi its in durban are you still on this number,,,
ham,My sister cleared two round in birla soft yesterday.,,,
ham,How abt making some of the pics bigger?,,,
ham,Meet after lunch la...,,,
ham,"sir, you will receive the account no another 1hr time. Sorry for the delay.",,,
ham,Which is why i never wanted to tell you any of this. Which is why i'm so short with you and on-edge as of late.,,,
ham,And you! Will expect you whenever you text! Hope all goes well tomo ,,,
ham,In meeting da. I will call you,,,
ham,"Nope. Since ayo travelled, he has forgotten his guy",,,
ham,Haha... Hope Ì_ can hear the receipt sound... Gd luck!,,,
ham,"Just looked it up and addie goes back Monday, sucks to be her",,,
ham,Ok ill tell the company,,,
ham,"Ta-Daaaaa! I am home babe, are you still up ?",,,
ham,Great. P diddy is my neighbor and comes for toothpaste every morning,,,
ham,I donno if they are scorable,,,
ham,"There're some people by mu, I'm at the table by lambda",,,
spam,Customer service annoncement. You have a New Years delivery waiting for you. Please call 07046744435 now to arrange delivery,,,
ham,Be happy there. I will come after noon,,,
ham,Am i that much bad to avoid like this?,,,
ham,There are some nice pubs near here or there is Frankie n Bennys near the warner cinema?,,,
ham,"Sure, if I get an acknowledgement from you that it's astoundingly tactless and generally faggy to demand a blood oath fo",,,
spam,Free tones Hope you enjoyed your new content. text stop to 61610 to unsubscribe. help:08712400602450p Provided by tones2you.co.uk,,,
ham,"Sorry, I can't help you on this.",,,
ham,Compliments to you. Was away from the system. How your side.,,,
ham,"Same here, but I consider walls and bunkers and shit important just because I never play on peaceful but I guess your place is high enough that it don't matter",,,
ham,"Tunde, how are you doing. This is just wishing you a great day. Abiola.",,,
ham,PLEASSSSSSSEEEEEE TEL ME V AVENT DONE SPORTSx,,,
spam,Sunshine Quiz! Win a super Sony DVD recorder if you canname the capital of Australia? Text MQUIZ to 82277. B,,,
ham,"Well the general price is  &lt;#&gt; /oz, let me know if/when/how much you want",,,
ham,It is a good thing I'm now getting the connection to bw,,,
ham,Have your lunch and come quickly and open the door:),,,
ham,That sucks. So what do you got planned for your yo valentine? I am your yo valentine aren't I?,,,
spam,RECPT 1/3. You have ordered a Ringtone. Your order is being processed...,,,
ham,What he said is not the matter. My mind saying some other matter is there.,,,
ham,I want to see your pretty pussy...,,,
spam,"You are guaranteed the latest Nokia Phone, a 40GB iPod MP3 player or a å£500 prize! Txt word: COLLECT to No: 83355! IBHltd LdnW15H 150p/Mtmsgrcvd18",,,
ham,Are your freezing ? Are you home yet ? Will you remember to kiss your mom in the morning? Do you love me ? Do you think of me ? Are you missing me yet ?,,,
ham,"Yes, princess. Toledo.",,,
ham,Ok lor. I ned 2 go toa payoh 4 a while 2 return smth u wan 2 send me there or wat?,,,
spam,Natalja (25/F) is inviting you to be her friend. Reply YES-440 or NO-440 See her: www.SMS.ac/u/nat27081980 STOP? Send STOP FRND to 62468,,,
ham,"Dear Sir,Salam Alaikkum.Pride and Pleasure meeting you today at the Tea Shop.We are pleased to send you our contact number at Qatar.Rakhesh an Indian.Pls save our Number.Respectful Regards.",,,
spam,Here is your discount code RP176781. To stop further messages reply stop. www.regalportfolio.co.uk. Customer Services 08717205546,,,
spam,Natalie (20/F) is inviting you to be her friend. Reply YES-165 or NO-165 See her: www.SMS.ac/u/natalie2k9 STOP? Send STOP FRND to 62468,,,
ham,"Mum, hope you are having a great day. Hoping this text meets you well and full of life. Have a great day. Abiola",,,
ham,"As in missionary hook up, doggy hook up, standing...|",,,
ham,Er yep sure. Props?,,,
ham,Gud mrng dear hav a nice day,,,
ham,"Okay, good, no problem, and thanx!",,,
ham,I bought the test yesterday. Its something that lets you know the exact day u ovulate.when will get 2u in about 2 to 3wks. But pls pls dont fret. I know u r worried. Pls relax. Also is there anything in ur past history u need to tell me?,,,
ham,Jus came back fr lunch wif my sis only. U leh?,,,
ham,Mm have some kanji dont eat anything heavy ok,,,
ham,Why i come in between you people,,,
ham,No rushing. I'm not working. I'm in school so if we rush we go hungry.,,,
ham,"What part of \don't initiate\"" don't you understand""",,,
ham,Ok that's great thanx a lot.,,,
ham,Tell me something. Thats okay.,,,
ham,"fyi I'm at usf now, swing by the room whenever",,,
spam,Someonone you know is trying to contact you via our dating service! To find out who it could be call from your mobile or landline 09064015307 BOX334SK38ch ,,,
ham,Where do you need to go to get it?,,,
ham,And how's your husband.,,,
spam,"Orange brings you ringtones from all time Chart Heroes, with a free hit each week! Go to Ringtones & Pics on wap. To stop receiving these tips reply STOP.",,,
ham,Ujhhhhhhh computer shipped out with address to sandiago and parantella lane. Wtf. Poop.,,,
ham,Ok... C ya...,,,
ham,NOT MUCH NO FIGHTS. IT WAS A GOOD NITE!!,,,
spam,URGENT! We are trying to contact U. Todays draw shows that you have won a å£800 prize GUARANTEED. Call 09050003091 from land line. Claim C52. Valid 12hrs only,,,
ham,Neva mind it's ok..,,,
ham,"I'm used to it. I just hope my agents don't drop me since i've only booked a few things this year. This whole me in boston, them in nyc was an experiment.",,,
ham,yes baby! I need to stretch open your pussy!,,,
ham,Good Morning my Dear........... Have a great &amp; successful day.,,,
ham,Hey what's up charles sorry about the late reply.,,,
ham,did u get that message,,,
ham,Where are you ? What do you do ? How can you stand to be away from me ? Doesn't your heart ache without me ? Don't you wonder of me ? Don't you crave me ?,,,
ham,Aight well keep me informed,,,
ham,No. To be nosy I guess. Idk am I over reacting if I'm freaked?,,,
ham,Hows the champ just leaving glasgow!,,,
ham,Omg you can make a wedding chapel in frontierville? Why do they get all the good stuff?,,,
ham,Double eviction this week - Spiral and Michael and good riddance to them!,,,
spam,Sunshine Quiz Wkly Q! Win a top Sony DVD player if u know which country the Algarve is in? Txt ansr to 82277. å£1.50 SP:Tyrone,,,
spam,ree entry in 2 a weekly comp for a chance to win an ipod. Txt POD to 80182 to get entry (std txt rate) T&C's apply 08452810073 for details 18+,,,
ham,O ic lol. Should play 9 doors sometime yo,,,
ham,Msg me when rajini comes.,,,
ham,Ya even those cookies have jelly on them,,,
ham,"Ok da, i already planned. I wil pick you.",,,
ham,I need to come home and give you some good lovin...,,,
ham,Good afternoon my boytoy. How goes that walking here and there day ? Did you get that police abstract? Are you still out and about? I wake and miss you babe,,,
ham,So li hai... Me bored now da lecturer repeating last weeks stuff waste time... ,,,
ham,Good Morning my Dear Shijutta........... Have a great &amp; successful day.,,,
ham,Teach me apps da. When you come to college.,,,
ham,"Erm Û_ ill pick you up at about 6.45pm. That'll give enough time to get there, park and that.",,,
ham,happened here while you were adventuring,,,
ham,X course it 2yrs. Just so her messages on messenger lik you r sending me,,,
ham,"Yeah we wouldn't leave for an hour at least, how's 4 sound?",,,
ham,Who's there say hi to our drugdealer,,,
ham,"Good afternon, my love. How are today? I hope your good and maybe have some interviews. I wake and miss you babe. A passionate kiss from across the sea",,,
ham,"Hmm ok, i'll stay for like an hour cos my eye is really sore!",,,
ham,"Yep, by the pretty sculpture",,,
ham,U sleeping now.. Or you going to take? Haha.. I got spys wat.. Me online checking n replying mails lor..,,,
ham,Dunno dat's wat he told me. Ok lor...,,,
spam,I am hot n horny and willing I live local to you - text a reply to hear strt back from me 150p per msg Netcollex LtdHelpDesk: 02085076972 reply Stop to end,,,
ham,Was the actual exam harder than NBME,,,
ham,Alex says he's not ok with you not being ok with it,,,
spam,URGENT! Your Mobile number has been awarded with a å£2000 prize GUARANTEED. Call 09058094455 from land line. Claim 3030. Valid 12hrs only,,,
ham,Its a great day. Do have yourself a beautiful one.,,,
ham,cool. We will have fun practicing making babies!,,,
ham,No b4 Thursday,,,
ham,"FRAN I DECIDED 2 GO N E WAY IM COMPLETELY BROKE AN KNACKERED I GOT UP BOUT 3 C U 2MRW LOVE JANX P.S THIS IS MY DADS FONE, -NO CREDIT",,,
ham,What happen dear. Why you silent. I am tensed,,,
ham,"Nimbomsons. Yep phone knows that one. Obviously, cos thats a real word",,,
ham,Yo guess what I just dropped,,,
ham,We live in the next  &lt;#&gt; mins,,,
spam,Buy Space Invaders 4 a chance 2 win orig Arcade Game console. Press 0 for Games Arcade (std WAP charge) See o2.co.uk/games 4 Terms + settings. No purchase,,,
ham,THING R GOOD THANX GOT EXAMS IN MARCH IVE DONE NO REVISION? IS FRAN STILL WITH BOYF? IVE GOTTA INTERVIW 4 EXETER BIT WORRIED!x,,,
ham,Hello! Good week? Fancy a drink or something later?,,,
spam,"SMS SERVICES. for your inclusive text credits, pls goto www.comuk.net login= 3qxj9 unsubscribe with STOP, no extra charge. help 08702840625.COMUK. 220-CM2 9AE",,,
ham,Wif my family booking tour package.,,,
ham,Is that seriously how you spell his name?,,,
ham,Yup i've finished c Ì_ there...,,,
ham,On the way to office da..,,,
ham,Oh sorry please its over,,,
ham,True. Its easier with her here.,,,
spam,URGENT! We are trying to contact U. Todays draw shows that you have won a å£2000 prize GUARANTEED. Call 09066358361 from land line. Claim Y87. Valid 12hrs only,,,
ham,Me fine..absolutly fine,,,
ham,The whole car appreciated the last two! Dad and are having a map reading semi argument but apart from that things are going ok. P.,,,
ham,How much are we getting?,,,
ham,Today is ACCEPT DAY..U Accept me as? Brother Sister Lover Dear1 Best1 Clos1 Lvblefrnd Jstfrnd Cutefrnd Lifpartnr Belovd Swtheart Bstfrnd No rply means enemy,,,
spam,18 days to Euro2004 kickoff! U will be kept informed of all the latest news and results daily. Unsubscribe send GET EURO STOP to 83222.,,,
ham,K..k..any special today?,,,
ham,\Hey j! r u feeling any better," hopeSo hunny. i amnow feelin ill & ithink i may have tonsolitusaswell! damn iam layin in bedreal bored. lotsof luv me xxxx\""""",,
spam,"Win the newest åÒHarry Potter and the Order of the Phoenix (Book 5) reply HARRY, answer 5 questions - chance to be the first among readers!",,,
spam,Get your garden ready for summer with a FREE selection of summer bulbs and seeds worth å£33:50 only with The Scotsman this Saturday. To stop go2 notxt.co.uk,,,
ham,I notice you like looking in the shit mirror youre turning into a right freak,,,
ham,"Haha yeah I see that now, be there in a sec",,,
ham,Esplanade lor. Where else...,,,
ham,hi baby im cruisin with my girl friend what r u up 2? give me a call in and hour at home if thats alright or fone me on this fone now love jenny xxx,,,
ham,I thought slide is enough.,,,
ham,I dont know exactly could you ask chechi.,,,
ham,Tension ah?what machi?any problem?,,,
ham,I am 6 ft. We will be a good combination!,,,
ham,Tell where you reached,,,
ham,"Watching cartoon, listening music &amp; at eve had to go temple &amp; church.. What about u?",,,
ham,Yes I started to send requests to make it but pain came back so I'm back in bed. Double coins at the factory too. I gotta cash in all my nitros.,,,
ham,Want to finally have lunch today?,,,
ham,Better. Made up for Friday and stuffed myself like a pig yesterday. Now I feel bleh. But at least its not writhing pain kind of bleh.,,,
ham,My sis is catching e show in e afternoon so i'm not watching w her. So c u wan 2 watch today or tmr lor.,,,
ham,When is school starting. Where will you stay. What's the weather like. And the food. Do you have a social support system like friends in the school. All these things are important.,,,
ham,Dear how is chechi. Did you talk to her,,,
ham,"Motivate Behind every darkness, there is a shining light waiting for you to find it... Behind every best friend, there is always trust and love... BSLVYL",,,
spam,U 447801259231 have a secret admirer who is looking 2 make contact with U-find out who they R*reveal who thinks UR so special-call on 09058094597,,,
ham,Great escape. I fancy the bridge but needs her lager. See you tomo ,,,
ham,Tmrw. Im finishing 9 doors,,,
ham,"Text me when you get off, don't call, my phones having problems",,,
spam,RGENT! This is the 2nd attempt to contact U!U have WON å£1250 CALL 09071512433 b4 050703 T&CsBCM4235WC1N3XX. callcost 150ppm mobilesvary. maxå£7. 50,,,
ham,He telling not to tell any one. If so treat for me hi hi hi,,,
ham,"Just sent you an email ÛÒ to an address with incomm in it, is that right?",,,
ham,I don wake since. I checked that stuff and saw that its true no available spaces. Pls call the embassy or send a mail to them.,,,
ham,Have you not finished work yet or something?,,,
ham,Already am squatting is the new way of walking,,,
ham,Kindly send some one to our flat before  &lt;DECIMAL&gt;  today.,,,
ham,"Carlos took a while (again), we leave in a minute",,,
ham,I was about to do it when i texted. I finished a long time ago and showered and er'ything!,,,
ham,You are right. Meanwhile how's project twins comin up,,,
ham,"Good afternoon, my boytoy ... How are you feeling today ? Better I hope? Are you being my good boy? Are you my obedient, slave? Do you please your Queen?",,,
ham,"K will do, addie &amp; I are doing some art so I'll be here when you get home",,,
ham,"What i mean was i left too early to check, cos i'm working a 9-6.",,,
ham,"awesome, how do I deal with the gate? Charles told me last night but, uh, yeah",,,
ham,What Today-sunday..sunday is holiday..so no work..,,,
ham,Ok no problem... Yup i'm going to sch at 4 if i rem correctly...,,,
ham,What u mean u almost done? Done wif sleeping? But i tot u going to take a nap.. Yup i send her liao so i'm picking her up at ard 4 smth lor..,,,
ham,Hi babe its me thanks for coming even though it didnt go that well!i just wanted my bed! Hope to see you soon love and kisses xxx,,,
ham,"Hey there! Glad u r better now. I hear u treated urself to a digi cam, is it good? We r off at 9pm. Have a fab new year, c u in coupla wks!",,,
ham,Congratulations ore mo owo re wa. Enjoy it and i wish you many happy moments to and fro wherever you go,,,
ham,Otherwise had part time job na-tuition..,,,
ham,"Dear relieved of westonzoyland, all going to plan this end too!",,,
ham,"Brainless Baby Doll..:-D;-), vehicle sariyag drive madoke barolla..",,,
ham,Ok...,,,
spam,Last chance 2 claim ur å£150 worth of discount vouchers-Text YES to 85023 now!SavaMob-member offers mobile T Cs 08717898035. å£3.00 Sub. 16 . Remove txt X or STOP,,,
ham,Get ready for  &lt;#&gt;  inches of pleasure...,,,
ham,"I can. But it will tell quite long, cos i haven't finish my film yet...",,,
spam,This message is free. Welcome to the new & improved Sex & Dogging club! To unsubscribe from this service reply STOP. msgs@150p 18 only,,,
ham,She.s find. I sent you an offline message to know how anjola's now.,,,
ham,Hey leave it. not a big deal:-) take care.,,,
ham,"K, wen ur free come to my home and also tel vikky i hav sent mail to him also.. Better come evening il be free today aftr 6pm..:-)",,,
spam,"Urgent! Please call 0906346330. Your ABTA complimentary 4* Spanish Holiday or å£10,000 cash await collection SAE T&Cs BOX 47 PO19 2EZ 150ppm 18+",,,
ham,"Ups which is 3days also, and the shipping company that takes 2wks. The other way is usps which takes a week but when it gets to lag you may have to bribe nipost to get your stuff.",,,
ham,Oops i thk i dun haf enuff... I go check then tell Ì_..,,,
spam,"pdate_Now - Double mins and 1000 txts on Orange tariffs. Latest Motorola, SonyEricsson & Nokia & Bluetooth FREE! Call MobileUpd8 on 08000839402 or call2optout/!YHL",,,
ham,"Princess, i like to make love  &lt;#&gt;  times per night. Hope thats not a problem!",,,
ham,"Living is very simple.. Loving is also simple.. Laughing is too simple.. Winning is tooo simple.. But, Being 'SIMPLE' is very difficult...;-) :-)",,,
ham,"Hi, wlcome back, did wonder if you got eaten by a lion or something, nothing much",,,
spam,<Forwarded from 21870000>Hi - this is your Mailbox Messaging SMS alert. You have 40 matches. Please call back on 09056242159 to retrieve your messages and matches cc100p/min,,,
ham,Sorry da thangam.it's my mistake.,,,
ham,So gd got free ice cream... I oso wan...,,,
ham,Geeeee ... I love you so much I can barely stand it,,,
ham,"Lol ... Oh no babe, I wont be sliding into your place after midnight, but thanks for the invite",,,
ham,So that takes away some money worries,,,
spam,Had your mobile 11mths ? Update for FREE to Oranges latest colour camera mobiles & unlimited weekend calls. Call Mobile Upd8 on freefone 08000839402 or 2StopTxt,,,
ham,"\ALRITE HUNNY!WOT U UP 2 2NITE? DIDNT END UP GOIN DOWN TOWN JUS DA PUB INSTEAD! JUS CHILLIN AT DA MO IN ME BEDROOM!LOVE JEN XXX.\""""",,,
ham,Wat so late still early mah. Or we juz go 4 dinner lor. Aiya i dunno...,,,
ham,K go and sleep well. Take rest:-).,,,
ham,"ItÛ÷s reassuring, in this crazy world.",,,
ham,Went to pay rent. So i had to go to the bank to authorise the payment.,,,
ham,"Sorry, I'll call later",,,
ham,Imagine Life WITHOUT ME... see.. How fast u are searching me?Don't worry.. l'm always there To disturb U.. Goodnoon..:),,,
spam,"Free Msg: get Gnarls Barkleys \Crazy\"" ringtone TOTALLY FREE just reply GO to this message right now!""",,,
ham,"Each Moment in a day,has its own value-Morning brings hope,afternoon brings faith,Evening brings luv,Night brings rest,Wish u find them all today.Good Morning",,,
ham,Do u noe wat time e place dat sells 4d closes?,,,
ham,Correct. So how was work today,,,
ham,Haven't heard anything and he's not answering my texts so I'm guessing he flaked. That said the jb is fantastic,,,
ham,Maybe i could get book out tomo then return it immediately ..? Or something.,,,
ham,Send his number and give reply tomorrow morning for why you said that to him like that ok,,,
ham,Send me your resume:-),,,
ham,Been up to ne thing interesting. Did you have a good birthday? When are u wrking nxt? I started uni today.,,,
ham,I am going to sleep. I am tired of travel.,,,
spam,"January Male Sale! Hot Gay chat now cheaper, call 08709222922. National rate from 1.5p/min cheap to 7.8p/min peak! To stop texts call 08712460324 (10p/min)",,,
ham,That's ok. I popped in to ask bout something and she said you'd been in. Are you around tonght wen this girl comes?,,,
spam,"FreeMsg Why haven't you replied to my text? I'm Randy, sexy, female and live local. Luv to hear from u. Netcollex Ltd 08700621170150p per msg reply Stop to end",,,
ham,R U &SAM P IN EACHOTHER. IF WE MEET WE CAN GO 2 MY HOUSE,,,
ham,Sorry . I will be able to get to you. See you in the morning.,,,
spam,URGENT! Your Mobile number has been awarded with a å£2000 prize GUARANTEED. Call 09061790121 from land line. Claim 3030. Valid 12hrs only 150ppm,,,
ham,Uhhhhrmm isnt having tb test bad when youre sick,,,
ham,Pls send me the correct name da.,,,
ham,Oh ic. I thought you meant mary jane.,,,
spam,"Urgent Urgent! We have 800 FREE flights to Europe to give away, call B4 10th Sept & take a friend 4 FREE. Call now to claim on 09050000555. BA128NNFWFLY150ppm",,,
ham,Give one miss from that number please,,,
ham,Take some small dose tablet for fever,,,
ham,Huh y lei...,,,
ham,Two teams waiting for some players,,,
ham,And popping &lt;#&gt; ibuprofens was no help.,,,
ham,Yup... Ok i go home look at the timings then i msg Ì_ again... Xuhui going to learn on 2nd may too but her lesson is at 8am,,,
ham,Oh thats late! Well have a good night and i will give u a call tomorrow. Iam now going to go to sleep night night,,,
ham,Dont flatter yourself... Tell that man of mine two pints of carlin in ten minutes please.... ,,,
ham,Shuhui say change 2 suntec steamboat? U noe where? Where r u now?,,,
ham,Po de :-):):-):-):-). No need job aha.,,,
ham,"\BOO BABE! U ENJOYIN YOURJOB? U SEEMED 2 B GETTIN ON WELL HUNNY!HOPE URE OK?TAKE CARE & IåÕLLSPEAK 2U SOONLOTS OF LOVEME XXXX.\""""",,,
ham,Anything is valuable in only 2 situations: First- Before getting it... Second- After loosing it...,,,
spam,Message Important information for O2 user. Today is your lucky day! 2 find out why log onto http://www.urawinner.com there is a fantastic surprise awaiting you,,,
ham,My uncles in Atlanta. Wish you guys a great semester.,,,
ham,I have lost 10 kilos as of today!,,,
ham,Oops my phone died and I didn't even know. Yeah I like it better.,,,
spam,UÛªve Bin Awarded å£50 to Play 4 Instant Cash. Call 08715203028 To Claim. EVERY 9th Player Wins Min å£50-å£500. OptOut 08718727870,,,
ham,5 nights...We nt staying at port step liao...Too ex,,,
ham,"I'm in a meeting, call me later at",,,
ham,Watching tv now. I got new job :),,,
ham,Yes i think so. I am in office but my lap is in room i think thats on for the last few days. I didnt shut that down,,,
ham,I wont. So wat's wit the guys,,,
spam,HMV BONUS SPECIAL 500 pounds of genuine HMV vouchers to be won. Just answer 4 easy questions. Play Now! Send HMV to 86688 More info:www.100percent-real.com,,,
ham,Mark works tomorrow. He gets out at 5. His work is by your house so he can meet u afterwards.,,,
ham,I've been searching for the right words to thank you for this breather. I promise i wont take your help for granted and will fulfil my promise. You have been wonderful and a blessing at all times.,,,
ham,I'm very happy for you babe ! Woo hoo party on dude!,,,
spam,Congratulations ur awarded 500 of CD vouchers or 125gift guaranteed & Free entry 2 100 wkly draw txt MUSIC to 87066 TnCs www.Ldew.com1win150ppmx3age16,,,
ham,What time do u get out?,,,
ham,Hey morning what you come to ask:-) pa...,,,
ham,Good. Good job. I like entrepreneurs,,,
ham,In that case I guess I'll see you at campus lodge,,,
ham,Thanks for picking up the trash.,,,
ham,Carlos'll be here in a minute if you still need to buy,,,
ham,"Science tells that chocolate will melt under the sunlight. Please don't walk under the sunlight. BCoz,I don't want to loss a sweet friend.",,,
spam,YES! The only place in town to meet exciting adult singles is now in the UK. Txt CHAT to 86688 now! 150p/Msg.,,,
ham,Haiyoh... Maybe your hamster was jealous of million,,,
spam,We tried to contact you re your reply to our offer of a Video Phone 750 anytime any network mins Half Price Line Rental Camcorder Reply or call 08000930705,,,
spam,"We know someone who you know that fancies you. Call 09058097218 to find out who. POBox 6, LS15HB 150p",,,
ham,"Dear friends, sorry for the late information. Today is the birthday of our loving Ar.Praveesh. for more details log on to face book and see. Its his number + &lt;#&gt; . Dont miss a delicious treat.",,,
ham,"I don,t think so. You don't need to be going out that late on a school night. ESPECIALLY when the one class you have is the one you missed last wednesday and probably failed a test in on friday",,,
ham,"Neither [in sterm voice] - i'm studying. All fine with me! Not sure the  thing will be resolved, tho. Anyway. Have a fab hols",,,
ham,"Aight, call me once you're close",,,
ham,S:)no competition for him.,,,
ham,When can Ì_ come out?,,,
