v1,v2,Unnamed: 2,Unnamed: 3,Unnamed: 4
ham,Never y lei... I v lazy... Got wat? Dat day Ì_ send me da url cant work one...,,,
ham,"Dear Hero,i am leaving to qatar tonite for an apt opportunity.pls do keep in touch at  &lt;EMAIL&gt; ,kerala",,,
ham,No got new job at bar in airport on satsgettin 4.47per hour but means no lie in! keep in touch,,,
ham,Talk With Yourself Atleast Once In A Day...!!! Otherwise You Will Miss Your Best FRIEND In This WORLD...!!! -Shakespeare- SHESIL  &lt;#&gt;,,,
ham,Buzzzz! *grins* Did I buzz your ass? Buzz your chest ? Buzz your cock ? Where do you keep your phone ? Is the vibrator on ? Did you feel it shake ?,,,
ham,She doesnt need any test.,,,
ham,"Coffee cake, i guess...",,,
ham,"It wont b until 2.15 as trying 2 sort house out, is that ok?",,,
ham,LOOK AT THE FUCKIN TIME. WHAT THE FUCK YOU THINK IS UP,,,
ham,HEY GIRL. HOW R U? HOPE U R WELL ME AN DEL R BAK! AGAIN LONG TIME NO C! GIVE ME A CALL SUM TIME FROM LUCYxx,,,
ham,Ard 6 like dat lor.,,,
ham,Hai dear friends... This is my new &amp; present number..:) By Rajitha Raj (Ranju),,,
ham,I've told him that i've returned it. That should i re order it.,,,
ham,"Wishing you and your family Merry \X\"" mas and HAPPY NEW Year in advance..""",,,
ham,So wat's da decision?,,,
ham,"A Boy loved a gal. He propsd bt she didnt mind. He gv lv lttrs, Bt her frnds threw thm. Again d boy decided 2 aproach d gal , dt time a truck was speeding towards d gal. Wn it was about 2 hit d girl,d boy ran like hell n saved her. She asked 'hw cn u run so fast?' D boy replied \Boost is d secret of my energy\"" n instantly d girl shouted \""our energy\"" n Thy lived happily 2gthr drinking boost evrydy Moral of d story:- I hv free msgs:D;): gud ni8""",,,
ham,"It's cool, we can last a little while. Getting more any time soon?",,,
ham,Yar... I tot u knew dis would happen long ago already.,,,
ham,Its  &lt;#&gt; k here oh. Should i send home for sale.,,,
ham,Nope watching tv at home... Not going out. V bored...,,,
ham,"Miss ya, need ya, want ya, love ya.",,,
ham,Hey... What time is your driving on fri? We go for evaluation on fri?,,,
ham,And pls pls drink plenty plenty water,,,
ham,What's nannys address?,,,
ham,How are you. Its been ages. How's abj,,,
ham,"That's fine, have him give me a call if he knows what he wants or has any questions",,,
ham,Why you keeping me away like this,,,
ham,Height of Confidence: All the Aeronautics professors wer calld &amp; they wer askd 2 sit in an aeroplane. Aftr they sat they wer told dat the plane ws made by their students. Dey all hurried out of d plane.. Bt only 1 didnt move... He said:\if it is made by my students,"this wont even start........ Datz confidence..""",,
ham,Me i'm not workin. Once i get job...,,,
ham,He neva grumble but i sad lor... Hee... Buy tmr lor aft lunch. But we still meetin 4 lunch tmr a not. Neva hear fr them lei. ÌÏ got a lot of work ar?,,,
ham,Do you hide anythiing or keeping distance from me,,,
ham,I am literally in bed and have been up for like  &lt;#&gt;  hours,,,
ham,Well thats nice. Too bad i cant eat it,,,
ham,I hope you arnt pissed off but id would really like to see you tomorrow. Love me xxxxxxxxxxxxxX,,,
ham,Jay says that you're a double-faggot,,,
spam,Monthly password for wap. mobsi.com is 391784. Use your wap phone not PC.,,,
spam,URGENT! Your Mobile number has been awarded with a å£2000 prize GUARANTEED. Call 09061790126 from land line. Claim 3030. Valid 12hrs only 150ppm,,,
ham,Lol wtf random. Btw is that your lunch break,,,
ham,Just sleeping..and surfing,,,
ham,WOT U UP 2 J?,,,
ham,She went to attend another two rounds today..but still did't reach home..,,,
ham,Yeah I don't see why not,,,
ham,I asked you to call him now ok,,,
ham,In the end she might still vomit but its okay. Not everything will come out.,,,
ham,"Dude. What's up. How Teresa. Hope you have been okay. When i didnt hear from these people, i called them and they had received the package since dec  &lt;#&gt; . Just thot you'ld like to know. Do have a fantastic year and all the best with your reading. Plus if you can really really Bam first aid for Usmle, then your work is done.",,,
ham,"Feb  &lt;#&gt;  is \I LOVE U\"" day. Send dis to all ur \""VALUED FRNDS\"" evn me. If 3 comes back u'll gt married d person u luv! If u ignore dis u will lose ur luv 4 Evr""",,,
ham,Yo im right by yo work,,,
ham,"&lt;#&gt;  is fast approaching. So, Wish u a very Happy New Year Happy Sankranti Happy republic day Happy Valentines Day Happy Shivratri Happy Ugadi Happy Fools day Happy May Day Happy Independence Day, Happy Friendship,Mother,Father,Teachers,Childrens Day, &amp; HAPPY BIRTHDAY 4 U. Happy Ganesh festival Happy Dasara Happy Diwali Happy Christmas  &lt;#&gt;  Good Mornings Afternoons, Evenings Nights. RememberI AM the first to WISHING U ALL THESE...your's Raj",,,
spam,You will recieve your tone within the next 24hrs. For Terms and conditions please see Channel U Teletext Pg 750,,,
ham,K.k..how is your sister kids?,,,
ham,"1) Go to write msg 2) Put on Dictionary mode 3)Cover the screen with hand, 4)Press  &lt;#&gt; . 5)Gently remove Ur hand.. Its interesting..:)",,,
ham,"Oh! Shit, I thought that was your trip! Loooooool ... That just makes SO much more sense now ... *grins* and the sofa reference was ... The \sleep on a couch\"" link you sent me ... Wasn't that how you went on your trip ? Oh ... And didn't your babe go with you for that celebration with your rents?""",,,
ham,Booked ticket for pongal?,,,
ham,Ok i've sent u da latest version of da project.,,,
ham,Smile in Pleasure Smile in Pain Smile when trouble pours like Rain Smile when sum1 Hurts U Smile becoz SOMEONE still Loves to see u Smiling!!,,,
ham,Even i cant close my eyes you are in me our vava playing umma :-D,,,
ham,Whos this am in class:-),,,
spam,CLAIRE here am havin borin time & am now alone U wanna cum over 2nite? Chat now 09099725823 hope 2 C U Luv CLAIRE xx Callså£1/minmoremobsEMSPOBox45PO139WA,,,
ham,Those cocksuckers. If it makes you feel better ipads are worthless garbage novelty items and you should feel bad for even wanting one,,,
ham,No need lar. Jus testing e phone card. Dunno network not gd i thk. Me waiting 4 my sis 2 finish bathing so i can bathe. Dun disturb u liao u cleaning ur room.,,,
ham,Yup... How Ì_ noe leh...,,,
ham,Love it! The girls at the office may wonder why you are smiling but sore...,,,
ham,Thanx 4 e brownie it's v nice...,,,
ham,Aiyah then i wait lor. Then u entertain me. Hee...,,,
ham,"Maybe westshore or hyde park village, the place near my house?",,,
ham,S s..first time..dhoni rocks...,,,
ham,"Wen ur lovable bcums angry wid u, dnt take it seriously.. Coz being angry is d most childish n true way of showing deep affection, care n luv!.. kettoda manda... Have nice day da.",,,
ham,Today is ACCEPT DAY..U Accept me as? Brother Sister Lover Dear1 Best1 Clos1 Lvblefrnd Jstfrnd Cutefrnd Lifpartnr Belovd Swtheart Bstfrnd No rply means enemy,,,
ham,Jokin only lar... :-) depends on which phone my father can get lor...,,,
ham,"If you want to mapquest it or something look up \usf dogwood drive\"""," that's the tiny street where the parking lot is""",,
ham,IÛ÷m going to try for 2 months ha ha only joking,,,
ham,I am taking half day leave bec i am not well,,,
ham,They r giving a second chance to rahul dengra.,,,
ham,I had askd u a question some hours before. Its answer,,,
spam,Ever thought about living a good life with a perfect partner? Just txt back NAME and AGE to join the mobile community. (100p/SMS),,,
spam,<Forwarded from 88877>FREE entry into our å£250 weekly comp just send the word ENTER to 88877 NOW. 18 T&C www.textcomp.com,,,
ham,"Friendship is not a game to play, It is not a word to say, It doesn\'t start on March and ends on May, It is tomorrow, yesterday, today and e",,,
ham,Yes:)sura in sun tv.:)lol.,,,
ham,TaKe CaRE n gET WeLL sOOn,,,
spam,Not heard from U4 a while. Call 4 rude chat private line 01223585334 to cum. Wan 2C pics of me gettin shagged then text PIX to 8552. 2End send STOP 8552 SAM xxx,,,
ham,Den wat will e schedule b lk on sun?,,,
ham,"its cool but tyler had to take off so we're gonna buy for him and drop it off at his place later tonight. Our total order is a quarter, you got enough?",,,
ham,1. Tension face 2. Smiling face 3. Waste face 4. Innocent face 5.Terror face 6.Cruel face 7.Romantic face 8.Lovable face 9.decent face  &lt;#&gt; .joker face.,,,
spam,"Welcome to Select, an O2 service with added benefits. You can now call our specially trained advisors FREE from your mobile by dialling 402.",,,
ham,I'm wif him now buying tix lar...,,,
ham,Your pussy is perfect!,,,
ham,Can u look 4 me in da lib i got stuff havent finish yet.,,,
spam,PRIVATE! Your 2003 Account Statement for 07808 XXXXXX shows 800 un-redeemed S. I. M. points. Call 08719899217 Identifier Code: 41685 Expires 07/11/04,,,
ham,"see you then, we're all christmassy here!",,,
ham,"Set a place for me in your heart and not in your mind, as the mind easily forgets but the heart will always remember. Wish you Happy Valentines Day!",,,
spam,Gr8 new service - live sex video chat on your mob - see the sexiest dirtiest girls live on ur phone - 4 details text horny to 89070 to cancel send STOP to 89070,,,
ham,Pls confirm the time to collect the cheque.,,,
spam,You have WON a guaranteed å£1000 cash or a å£2000 prize. To claim yr prize call our customer service representative on 08714712379 between 10am-7pm Cost 10p,,,
spam,PRIVATE! Your 2003 Account Statement for shows 800 un-redeemed S. I. M. points. Call 08719899230 Identifier Code: 41685 Expires 07/11/04,,,
spam,Jamster! To get your free wallpaper text HEART to 88888 now! T&C apply. 16 only. Need Help? Call 08701213186.,,,
ham,"\SYMPTOMS\"" when U are in love: \""1.U like listening songs 2.U get stopped where u see the name of your beloved 3.U won't get angry when your""",,,
ham,"Goodmorning, today i am late for 2hrs. Because of back pain.",,,
ham,Do u knw dis no. &lt;#&gt; ?,,,
ham,"Go until jurong point, crazy.. Available only in bugis n great world la e buffet... Cine there got amore wat...",,,
ham,LOL what happens in Vegas stays in vegas,,,
ham,Package all your programs well,,,
ham,When are you guys leaving?,,,
spam,1st wk FREE! Gr8 tones str8 2 u each wk. Txt NOKIA ON to 8007 for Classic Nokia tones or HIT ON to 8007 for Polys. Nokia/150p Poly/200p 16+,,,
ham,Nope. Meanwhile she talk say make i greet you.,,,
ham,"Like I made him throw up when we were smoking in our friend's car one time, it was awesome",,,
spam,Free 1st week entry 2 TEXTPOD 4 a chance 2 win 40GB iPod or å£250 cash every wk. Txt POD to 84128 Ts&Cs www.textpod.net custcare 08712405020.,,,
ham,I will come with karnan car. Please wait till 6pm will directly goto doctor.,,,
ham,Are you plans with your family set in stone ?,,,
ham,"I wake up long ago already... Dunno, what other thing?",,,
ham,All sounds good. Fingers . Makes it difficult to type,,,
spam,FreeMsg>FAV XMAS TONES!Reply REAL,,,
ham,&lt;#&gt;  w jetton ave if you forgot,,,
ham,K:)k..its good:)when are you going?,,,
ham,"It's not that you make me cry. It's just that when all our stuff happens on top of everything else, it pushes me over the edge. You don't underdtand how often i cry over my sorry, sorry life.",,,
ham,No problem. How are you doing?,,,
spam,Get the official ENGLAND poly ringtone or colour flag on yer mobile for tonights game! Text TONE or FLAG to 84199. Optout txt ENG STOP Box39822 W111WX å£1.50,,,
ham,Me too watching surya movie only. . .after 6 pm vijay movie POKKIRI,,,
ham,Sorry completely forgot * will pop em round this week if your still here?,,,
ham,"I guess that's why you re worried. You must know that there's a way the body repairs itself. And i'm quite sure you shouldn't worry. We'll take it slow. First the tests, they will guide when your ovulation is then just relax. Nothing you've said is a reason to worry but i.ll keep on followin you up.",,,
ham,Good day to You too.Pray for me.Remove the teeth as its painful maintaining other stuff.,,,
ham,Sorry de i went to shop.,,,
ham,"Me, i dont know again oh",,,
ham,"Oh, the grand is having a bit of a party but it doesn't mention any cover charge so it's probably first come first served",,,
ham,Im done. Just studyn in library,,,
ham,Super da:)good replacement for murali,,,
spam,U have a secret admirer who is looking 2 make contact with U-find out who they R*reveal who thinks UR so special-call on 09058094599,,,
ham,This pen thing is beyond a joke. Wont a Biro do? Don't do a masters as can't do this ever again! ,,,
spam,Congrats! Nokia 3650 video camera phone is your Call 09066382422 Calls cost 150ppm Ave call 3mins vary from mobiles 16+ Close 300603 post BCM4284 Ldn WC1N3XX,,,
ham,* Will have two more cartons off u and is very pleased with shelves,,,
ham,You do your studies alone without anyones help. If you cant no need to study.,,,
ham,Sweet heart how are you?,,,
ham,I donno its in your genes or something,,,
ham,Yar i wanted 2 scold u yest but late already... I where got zhong se qing you? If u ask me b4 he ask me then i'll go out w u all lor. N u still can act so real.,,,
ham,Does uncle timi help in clearing cars,,,
ham,oh ya... Got hip hop open. Haha i was thinking can go for jazz then zoom to cine... Actually tonight i'm free leh... And there's a kb lesson tonight,,,
ham,U free on sat rite? U wan 2 watch infernal affairs wif me n darren n mayb xy?,,,
ham,Huh but i got lesson at 4 lei n i was thinkin of going to sch earlier n i tot of parkin at kent vale...  ,,,
spam,"FREE RINGTONE text FIRST to 87131 for a poly or text GET to 87131 for a true tone! Help? 0845 2814032 16 after 1st free, tones are 3xå£150pw to eå£nd txt stop",,,
ham,Then i buy.,,,
ham,K.k:)apo k.good movie.,,,
spam,You have WON a guaranteed å£1000 cash or a å£2000 prize. To claim yr prize call our customer service representative on 08714712412 between 10am-7pm Cost 10p,,,
ham,I'm in school now n i'll be in da lab doing some stuff give me a call when Ì_ r done.,,,
ham,Fuck cedar key and fuck her (come over anyway tho),,,
ham,I dont. Can you send it to me. Plus how's mode.,,,
ham,R u meeting da ge at nite tmr?,,,
ham,"Yeah that's what I thought, lemme know if anything's goin on later",,,
ham,Wherre's my boytoy ? :-(,,,
ham,"Jane babes not goin 2 wrk, feel ill after lst nite. Foned in already cover 4 me chuck.:-)",,,
ham,Smile in Pleasure Smile in Pain Smile when trouble pours like Rain Smile when sum1 Hurts U Smile becoz SOMEONE still Loves to see u Smiling!!,,,
ham,Just checking in on you. Really do miss seeing Jeremiah. Do have a great month,,,
ham,Oh is it? Send me the address,,,
ham,There are no other charges after transfer charges and you can withdraw anyhow you like,,,
ham,Lol they were mad at first but then they woke up and gave in.,,,
ham,I love to cuddle! I want to hold you in my strong arms right now...,,,
ham,* Will be september by then!,,,
ham,Easy ah?sen got selected means its good..,,,
ham,"Hi. Wk been ok - on hols now! Yes on for a bit of a run. Forgot that i have hairdressers appointment at four so need to get home n shower beforehand. Does that cause prob for u?\""ham""",,,
ham,"We are hoping to get away by 7, from Langport. You still up for town tonight?",,,
spam,Ur cash-balance is currently 500 pounds - to maximize ur cash-in now send CASH to 86688 only 150p/msg. CC: 08708800282 HG/Suite342/2Lands Row/W1J6HL,,,
ham,Message from . I am at Truro Hospital on ext. You can phone me here. as I have a phone by my side,,,
spam,Email AlertFrom: Jeri StewartSize: 2KBSubject: Low-cost prescripiton drvgsTo listen to email call 123,,,
ham,"Its ok chikku, and its my 1 of favourite song..:-)",,,
ham,Where are you ? You said you would be here when I woke ... :-(,,,
ham,Let's pool our money together and buy a bunch of lotto tickets. If we win I get &lt;#&gt; % u get &lt;#&gt; %. Deal?,,,
ham,will you like to be spoiled? :),,,
spam,You have won a Nokia 7250i. This is what you get when you win our FREE auction. To take part send Nokia to 86021 now. HG/Suite342/2Lands Row/W1JHL 16+,,,
ham,on a Tuesday night r u 4 real,,,
spam,Buy Space Invaders 4 a chance 2 win orig Arcade Game console. Press 0 for Games Arcade (std WAP charge) See o2.co.uk/games 4 Terms + settings. No purchase,,,
ham,"Sorry, I'll call later",,,
ham,Now that you have started dont stop. Just pray for more good ideas and anything i see that can help you guys i.ll forward you a link.,,,
ham,"Not sure yet, still trying to get a hold of him",,,
ham,Still work going on:)it is very small house.,,,
ham,V skint too but fancied few bevies.waz gona go meet &othrs in spoon but jst bin watchng planet earth&sofa is v comfey; If i dont make it hav gd night,,,
ham,I think the other two still need to get cash but we can def be ready by 9,,,
spam,Guess who am I?This is the first time I created a web page WWW.ASJESUS.COM read all I wrote. I'm waiting for your opinions. I want to be your friend 1/1,,,
ham,Pls go there today  &lt;#&gt; . I dont want any excuses,,,
ham,Yes ammae....life takes lot of turns you can only sit and try to hold the steering...,,,
spam,"Urgent! call 09066350750 from your landline. Your complimentary 4* Ibiza Holiday or 10,000 cash await collection SAE T&Cs PO BOX 434 SK3 8WP 150 ppm 18+",,,
ham,Yar lor wait 4 my mum 2 finish sch then have lunch lor... I whole morning stay at home clean my room now my room quite clean... Hee...,,,
ham,"Hello, my love ! How went your day ? Are you alright ? I think of you, my sweet and send a jolt to your heart to remind you ... I LOVE YOU! Can you hear it ? I screamed it across the sea for all the world to hear. Ahmad al Hallaq is loved ! and owned ! *possessive passionate kiss*",,,
ham,Any pain on urination any thing else?,,,
spam,"SMS SERVICES. for your inclusive text credits, pls goto www.comuk.net login= ***** unsubscribe with STOP. no extra charge. help:08700469649. PO BOX420. IP4 5WE",,,
ham,"Sorry, I'll call later",,,
ham,Yup... Hey then one day on fri we can ask miwa and jiayin take leave go karaoke ,,,
spam,Ur cash-balance is currently 500 pounds - to maximize ur cash-in now send CASH to 86688 only 150p/msg. CC: 08718720201 PO BOX 114/14 TCR/W1,,,
spam,"In The Simpsons Movie released in July 2007 name the band that died at the start of the film? A-Green Day, B-Blue Day, C-Red Day. (Send A, B or C)",,,
ham,As per your request 'Maangalyam (Alaipayuthe)' has been set as your callertune for all Callers. Press *9 to copy your friends Callertune,,,
spam,URGENT We are trying to contact you Last weekends draw shows u have won a å£1000 prize GUARANTEED Call 09064017295 Claim code K52 Valid 12hrs 150p pm,,,
spam,"Bears Pic Nick, and Tom, Pete and ... Dick. In fact, all types try gay chat with photo upload call 08718730666 (10p/min). 2 stop texts call 08712460324",,,
ham,somewhere out there beneath the pale moon light someone think in of u some where out there where dreams come true... goodnite &amp; sweet dreams,,,
spam,"Do you ever notice that when you're driving, anyone going slower than you is an idiot and everyone driving faster than you is a maniac?",,,
ham,Sorry sent blank msg again. Yup but trying 2 do some serious studying now.,,,
ham,I have no money 4 steve mate! !,,,
ham,I dont want to hear anything,,,
spam,You are a winner U have been specially selected 2 receive å£1000 cash or a 4* holiday (flights inc) speak to a live operator 2 claim 0871277810810,,,
ham,R Ì_ going 4 today's meeting?,,,
ham,"Sad story of a Man - Last week was my b'day. My Wife did'nt wish me. My Parents forgot n so did my Kids . I went to work. Even my Colleagues did not wish. As I entered my cabin my PA said, '' Happy B'day Boss !!''. I felt special. She askd me 4 lunch. After lunch she invited me to her apartment. We went there. She said,'' do u mind if I go into the bedroom for a minute ? '' ''OK'', I sed in a sexy mood. She came out 5 minuts latr wid a cake...n My Wife, My Parents, My Kidz, My Friends n My Colleagues. All screaming.. SURPRISE !! and I was waiting on the sofa.. ... ..... ' NAKED...!",,,
ham,What happened in interview?,,,
spam,PRIVATE! Your 2004 Account Statement for 078498****7 shows 786 unredeemed Bonus Points. To claim call 08719180219 Identifier Code: 45239 Expires 06.05.05,,,
ham,I thk 50 shd be ok he said plus minus 10.. Did Ì_ leave a line in between paragraphs?,,,
ham,"Wait, do you know if wesleys in town? I bet she does hella drugs!",,,
ham,"Okey doke. I'm at home, but not dressed cos laying around ill! Speak to you later bout times and stuff. ",,,
ham,"I am late,so call you tomorrow morning.take care sweet dreams....u and me...ummifying...bye.",,,
spam,"Will u meet ur dream partner soon? Is ur career off 2 a flyng start? 2 find out free, txt HORO followed by ur star sign, e. g. HORO ARIES",,,
ham,Not a drop in the tank,,,
ham,Thanks for ve lovely wisheds. You rock,,,
ham,Yeah I'll try to scrounge something up,,,
ham,"When people see my msgs, They think Iam addicted to msging... They are wrong, Bcoz They don\'t know that Iam addicted to my sweet Friends..!! BSLVYL",,,
ham,If you don't respond imma assume you're still asleep and imma start calling n shit,,,
ham,"Yeah, where's your class at?",,,
ham,Ok. Not sure what time tho as not sure if can get to library before class. Will try. See you at some point! Have good eve.,,,
spam,Reply to win å£100 weekly! What professional sport does Tiger Woods play? Send STOP to 87239 to end service,,,
ham,"Edison has rightly said, \A fool can ask more questions than a wise man can answer\"" Now you know why all of us are speechless during ViVa.. GM",GN,GE,"GNT:-)"""
ham,"Did he say how fantastic I am by any chance, or anything need a bigger life lift as losing the will 2 live, do you think I would be the first person 2 die from N V Q? ",,,
ham,Lol where do u come up with these ideas?,,,
ham,I have a rather prominent bite mark on my right cheek,,,
ham,Give me a sec to think think about it,,,
spam,"Hi, the SEXYCHAT girls are waiting for you to text them. Text now for a great night chatting. send STOP to stop this service",,,
ham,Lol well don't do it without me. We could have a big sale together.,,,
ham,"Whatever, juliana. Do whatever you want.",,,
ham,"Yo, you at jp and hungry like a mofo?",,,
ham,You getting back any time soon?,,,
ham,Also fuck you and your family for going to rhode island or wherever the fuck and leaving me all alone the week I have a new bong &gt;:(,,,
ham,I will treasure every moment we spend together...,,,
ham,1Apple/Day=No Doctor. 1Tulsi Leaf/Day=No Cancer. 1Lemon/Day=No Fat. 1Cup Milk/day=No Bone Problms 3 Litres Watr/Day=No Diseases Snd ths 2 Whom U Care..:-),,,
ham,Hi Chachi tried calling u now unable to reach u .. Pl give me a missed cal once u c tiz msg  Kanagu,,,
ham,Happy new year to u too!,,,
ham,It is only yesterday true true.,,,
ham,Aaooooright are you at work?,,,
ham,Then mum's repent how?,,,
ham,Can you just come in for a sec? There's somebody here I want you to see,,,
ham,Why don't you go tell your friend you're not sure you want to live with him because he smokes too much then spend hours begging him to come smoke,,,
ham,Dont pick up d call when something important is There to tell. Hrishi,,,
ham,"Just making dinner, you ?",,,
ham,"Hey, iouri gave me your number, I'm wylie, ryan's friend",,,
ham,I'm ok wif it cos i like 2 try new things. But i scared u dun like mah. Cos u said not too loud.,,,
spam,No 1 POLYPHONIC tone 4 ur mob every week! Just txt PT2 to 87575. 1st Tone FREE ! so get txtin now and tell ur friends. 150p/tone. 16 reply HL 4info,,,
ham,"Camera quite good, 10.1mega pixels, 3optical and 5digital dooms. Have a lovely holiday, be safe and i hope you hav a good journey! Happy new year to you both! See you in a couple of weeks! ",,,
ham,"Sir, good morning. Hope you had a good weekend. I called to let you know that i was able to raise  &lt;#&gt;  from my dad. He however said he would make the rest available by mid feb. This amount is still quite short and i was hoping you would help. Do have a good day. Abiola",,,
ham,"Nothing. I meant that once the money enters your account here, the bank will remove its flat rate. Someone transfered  &lt;#&gt;  to my account and  &lt;#&gt; dollars got removed. So the banks differ and charges also differ.be sure you trust the 9ja person you are sending account details to cos...",,,
ham,"Yeah work is fine, started last week, all the same stuff as before, dull but easy and guys are fun!",,,
ham,"Do 1 thing! Change that sentence into: \Because i want 2 concentrate in my educational career im leaving here..\""""",,,
ham,Annoying isn't it.,,,
ham,Sitting in mu waiting for everyone to get out of my suite so I can take a shower,,,
spam,I don't know u and u don't know me. Send CHAT to 86688 now and let's find each other! Only 150p/Msg rcvd. HG/Suite342/2Lands/Row/W1J6HL LDN. 18 years or over.,,,
ham,"We have sent JD for Customer Service cum Accounts Executive to ur mail id, For details contact us",,,
ham,Sorry i missed your call. Can you please call back.,,,
spam,Congratulations ur awarded 500 of CD vouchers or 125gift guaranteed & Free entry 2 100 wkly draw txt MUSIC to 87066,,,
ham,Got it. Seventeen pounds for seven hundred ml ÛÒ hope ok.,,,
ham,Did u receive my msg?,,,
ham,Hello boytoy ! Geeee ... I'm missing you today. I like to send you a tm and remind you I'm thinking of you ... And you are loved ... *loving kiss*,,,
spam,"FreeMsg: Claim ur 250 SMS messages-Text OK to 84025 now!Use web2mobile 2 ur mates etc. Join Txt250.com for 1.50p/wk. T&C BOX139, LA32WU. 16 . Remove txtX or stop",,,
ham,HI DARLIN HOW WAS WORK DID U GET INTO TROUBLE? IJUST TALKED TO YOUR MUM ALL MORNING! I HAD A REALLY GOOD TIME LAST NIGHT IM GOIN OUT SOON BUT CALL ME IF U CAN,,,
ham,Ha... Then we must walk to everywhere... Cannot take tram. My cousin said can walk to vic market from our hotel ,,,
ham,Hi this is yijue... It's regarding the 3230 textbook it's intro to algorithms second edition... I'm selling it for $50...,,,
ham,"\Aww you must be nearly dead!Well Jez isComing over toDo some workAnd that whillTake forever!\""""",,,
ham,"Abeg, make profit. But its a start. Are you using it to get sponsors for the next event?",,,
ham,I'm aight. Wat's happening on your side.,,,
ham,"You have come into my life and brought the sun ..Shiny down on me, warming my heart. Putting a constant smile on my face ... Making me feel loved and cared for",,,
ham,Then just eat a shit and wait for ur monkey face bitch.......... U asshole..................,,,
ham,No let me do the math. Your not good at it.,,,
ham,great princess! I love giving and receiving oral. Doggy style is my fave position. How about you? I enjoy making love  &lt;#&gt;  times per night :),,,
ham,Hi ....My engagement has been fixd on  &lt;#&gt; th of next month. I know its really shocking bt....hmm njan vilikkam....t ws al of a sudn;-(.,,,
ham,Y Ì_ wan to go there? C doctor?,,,
ham,For The First Time In The History 'Need' 'Comfort' And 'Luxury' Are Sold At Same Price In India..!! Onion-Rs. &lt;#&gt;  Petrol-Rs. &lt;#&gt;  Beer-Rs. &lt;#&gt;  SHESIL  &lt;#&gt;,,,
ham,Oh...i asked for fun. Haha...take care. Ì_,,,
ham,Change windows logoff sound..,,,
ham,ITS A LAPTOP TAKE IT WITH YOU.,,,
ham,At WHAT TIME should i come tomorrow,,,
ham,"How long has it been since you screamed, princess?",,,
ham,How dare you stupid. I wont tell anything to you. Hear after i wont talk to you:-.,,,
ham,"U wake up already? Wat u doing? U picking us up later rite? I'm taking sq825, reaching ard 7 smth 8 like dat. U can check e arrival time. C ya soon...",,,
spam,"Rock yr chik. Get 100's of filthy films &XXX pics on yr phone now. rply FILTH to 69669. Saristar Ltd, E14 9YT 08701752560. 450p per 5 days. Stop2 cancel",,,
ham,"Don't worry though, I understand how important it is that I be put in my place with a poorly thought out punishment in the face of the worst thing that has ever happened to me. Brb gonna go kill myself",,,
ham,You best watch what you say cause I get drunk as a motherfucker,,,
ham,I will see in half an hour,,,
ham,S:-)kallis wont play in first two odi:-),,,
ham,Slaaaaave ! Where are you ? Must I summon you to me all the time now ? Don't you wish to come to me on your own anymore?,,,
spam,5p 4 alfie Moon's Children in need song on ur mob. Tell ur m8s. Txt Tone charity to 8007 for Nokias or Poly charity for polys: zed 08701417012 profit 2 charity.,,,
ham,S but mostly not like that.,,,
ham,"Mmmmm ... It was sooooo good to wake to your words this morning, my Love!! Mmmm fuck ... I love you too, my Lion ... *devouring kiss from across the sea*",,,
ham,Y she dun believe leh? I tot i told her it's true already. I thk she muz c us tog then she believe.,,,
spam,"Think ur smart ? Win å£200 this week in our weekly quiz, text PLAY to 85222 now!T&Cs WinnersClub PO BOX 84, M26 3UZ. 16+. GBP1.50/week",,,
ham,"Forgot you were working today! Wanna chat, but things are ok so drop me a text when you're free / bored etc and i'll ring. Hope all is well, nose essay and all xx",,,
ham,"She said,'' do u mind if I go into the bedroom for a minute ? '' ''OK'', I sed in a sexy mood. She came out 5 minuts latr wid a cake...n My Wife,",,,
ham,Now? I'm going out 4 dinner soon..,,,
ham,"I have 2 sleeping bags, 1 blanket and paper and  phone details. Anything else?",,,
ham,Sos! Any amount i can get pls.,,,
ham,You do got a shitload of diamonds though,,,
spam,U have a Secret Admirer who is looking 2 make contact with U-find out who they R*reveal who thinks UR so special-call on 09065171142-stopsms-08718727870150ppm,,,
ham,Great! I have to run now so ttyl!,,,
ham,Uncle Abbey! Happy New Year. Abiola,,,
ham,Go where n buy? Juz buy when we get there lar.,,,
ham,"Hey, a guy I know is breathing down my neck to get him some bud, anyway you'd be able to get a half track to usf tonight?",,,
spam,25p 4 alfie Moon's Children in need song on ur mob. Tell ur m8s. Txt Tone charity to 8007 for Nokias or Poly charity for polys: zed 08701417012 profit 2 charity.,,,
ham,Nt joking seriously i told,,,
ham,Its going good...no problem..but still need little experience to understand american customer voice...,,,
ham,At home also.,,,
ham,The beauty of life is in next second.. which hides thousands of secrets. I wish every second will be wonderful in ur life...!! gud n8,,,
spam,Great News! Call FREEFONE 08006344447 to claim your guaranteed å£1000 CASH or å£2000 gift. Speak to a live operator NOW!,,,
ham,"St andre, virgil's cream",,,
ham,"Ok., is any problem to u frm him? Wats matter?",,,
ham,I cant keep talking to people if am not sure i can pay them if they agree to price. So pls tell me what you want to really buy and how much you are willing to pay,,,
ham,Have you started in skye,,,
ham,Nt yet chikku..simple habba..hw abt u?,,,
ham,What Today-sunday..sunday is holiday..so no work..,,,
ham,You have registered Sinco as Payee. Log in at icicibank.com and enter URN  &lt;#&gt;  to confirm. Beware of frauds. Do NOT share or disclose URN to anyone.,,,
ham,Horrible u eat macs eat until u forgot abt me already rite... U take so long 2 reply. I thk it's more toot than b4 so b prepared. Now wat shall i eat?,,,
ham,Wat makes some people dearer is not just de happiness dat u feel when u meet them but de pain u feel when u miss dem!!!,,,
ham,But i haf enuff space got like 4 mb...,,,
ham,Do you still have the grinder?,,,
ham,Hey they r not watching movie tonight so i'll prob b home early...,,,
ham,"Aight yo, dats straight dogg",,,
ham,K... Must book a not huh? so going for yoga basic on sunday?,,,
ham,True lov n care wil nevr go unrecognized. though somone often makes mistakes when valuing it. but they will definitly undrstnd once when they start missing it.,,,
ham,I havent lei.. Next mon can?,,,
ham,Let there be snow. Let there be snow. This kind of weather brings ppl together so friendships can grow.,,,
ham,* Thought I didn't see you.,,,
ham,I'm reaching home in 5 min.,,,
ham,Think you sent the text to the home phone. That cant display texts. If you still want to send it his number is,,,
ham,Y dun cut too short leh. U dun like ah? She failed. She's quite sad.,,,
ham,Captain is in our room:),,,
ham,No that just means you have a fat head,,,
ham,I'll probably be by tomorrow (or even later tonight if something's going on),,,
ham,Raji..pls do me a favour. Pls convey my Birthday wishes to Nimya. Pls. Today is her birthday.,,,
ham,Just sent it. So what type of food do you like?,,,
spam,Free video camera phones with Half Price line rental for 12 mths and 500 cross ntwk mins 100 txts. Call MobileUpd8 08001950382 or Call2OptOut/674&,,,
ham,"Pity, * was in mood for that. So...any other suggestions?",,,
ham,"Frnd s not juz a word.....not merely a relationship.....its a silent promise which says ... \ I will be with YOU \"" Wherevr.. Whenevr.. Forevr... Gudnyt dear..""",,,
ham,Ok pa. Nothing problem:-),,,
ham,Oh yeah I forgot. U can only take 2 out shopping at once.,,,
ham,In life when you face choices Just toss a coin not becoz its settle the question But while the coin in the air U will know what your heart is hoping for. Gudni8,,,
ham,Rofl. Its true to its name,,,
ham,Nothing just getting msgs by dis name wit different no's..,,,
ham,I'm at home. Please call,,,
ham,Prakesh is there know.,,,
ham,Hey r Ì_ still online? I've finished the formatting...,,,
ham,IÛ÷ll have a look at the frying pan in case itÛ÷s cheap or a book perhaps. No thatÛ÷s silly a frying pan isnÛ÷t likely to be a book,,,
ham,"Hmmm ... And imagine after you've come home from that having to rub my feet, make me dinner and help me get ready for my date ! Are you sure your ready for that kind of life ?",,,
spam,we tried to contact you re your response to our offer of a new nokia fone and camcorder hit reply or call 08000930705 for delivery,,,
ham,Dear i have reache room,,,
ham,Hi dis is yijue i would be happy to work wif Ì_ all for gek1510...,,,
ham,Huh? 6 also cannot? Then only how many mistakes?,,,
ham,Am not working but am up to eyes in philosophy so will text u later when a bit more free for chat...,,,
ham,Nationwide auto centre (or something like that) on Newport road. I liked them there,,,
spam,"tddnewsletter@emc1.co.uk (More games from TheDailyDraw) Dear Helen, Dozens of Free Games - with great prizesWith..",,,
ham,"Bloody hell, cant believe you forgot my surname Mr . Ill give u a clue, its spanish and begins with m... ",,,
ham,K I'll be sure to get up before noon and see what's what,,,
ham,"I can probably come by, everybody's done around  &lt;#&gt;  right?",,,
spam,You have 1 new message. Please call 08718738034.,,,
ham,"It could work, we'll reach a consensus at the next meeting",,,
ham,Let me know when you've got the money so carlos can make the call,,,
ham,What is the plural of the noun research?,,,
spam,You are a winner U have been specially selected 2 receive å£1000 cash or a 4* holiday (flights inc) speak to a live operator 2 claim 0871277810810,,,
ham,My sister got placed in birla soft da:-),,,
spam,"Win the newest ÛÏHarry Potter and the Order of the Phoenix (Book 5) reply HARRY, answer 5 questions - chance to be the first among readers!",,,
ham,Am in gobi arts college,,,
ham,Hi :)finally i completed the course:),,,
ham,Sorry for the delay. Yes masters,,,
ham,He fucking chickened out. He messaged me he would be late and woould buzz me and then I didn't hear a word from him,,,
ham,Babe ! What are you doing ? Where are you ? Who are you talking to ? Do you think of me ? Are you being a good boy? Are you missing me? Do you love me ?,,,
ham,Hmm. Shall i bring a bottle of wine to keep us amused? Just joking! I'll still bring a bottle. Red or white? See you tomorrow,,,
ham,I only haf msn. It's yijue@hotmail.com,,,
ham,I will reach before ten morning,,,
spam,Our brand new mobile music service is now live. The free music player will arrive shortly. Just install on your phone to browse content from the top artists.,,,
ham,"Babe ! How goes that day ? What are you doing ? Where are you ? I sip my cappuccino and think of you, my love ... I send a kiss to you from across the sea",,,
ham,"As I entered my cabin my PA said, '' Happy B'day Boss !!''. I felt special. She askd me 4 lunch. After lunch she invited me to her apartment. We went there.",,,
ham,How do you plan to manage that,,,
ham,S...i will take mokka players only:),,,
ham,Id onluy matters when getting on from offcampus,,,
ham,", im .. On the snowboarding trip. I was wondering if your planning to get everyone together befor we go..a meet and greet kind of affair? Cheers, ",,,
ham,Kinda. First one gets in at twelve! Aah. Speak tomo,,,
spam,87077: Kick off a new season with 2wks FREE goals & news to ur mobile! Txt ur club name to 87077 eg VILLA to 87077,,,
ham,Really good:)dhanush rocks once again:),,,
ham,hi my darlin im on my way to London and we have just been smashed into by another driver! and have a big dent! im really missing u what have u been up to? xxx,,,
ham,"Anyway I don't think I can secure anything up here, lemme know if you want me to drive down south and chill",,,
ham,There are many company. Tell me the language.,,,
spam,Boltblue tones for 150p Reply POLY# or MONO# eg POLY3 1. Cha Cha Slide 2. Yeah 3. Slow Jamz 6. Toxic 8. Come With Me or STOP 4 more tones txt MORE,,,
ham,Mm i am on the way to railway,,,
ham,I was just callin to say hi. Take care bruv!,,,
ham,No it will reach by 9 only. She telling she will be there. I dont know,,,
ham,"Feb  &lt;#&gt;  is \I LOVE U\"" day. Send dis to all ur \""VALUED FRNDS\"" evn me. If 3 comes back u'll gt married d person u luv! If u ignore dis u will lose ur luv 4 Evr""",,,
ham,Glad to see your reply.,,,
ham,I will reach office around  &lt;DECIMAL&gt; . &amp; my mobile have problem. You cann't get my voice. So call you asa i'll free,,,
spam,85233 FREE>Ringtone!Reply REAL,,,
ham,I am not sure about night menu. . . I know only about noon menu,,,
ham,I thk Ì_ gotta go home by urself. Cos i'll b going out shopping 4 my frens present. ,,,
ham,"Arms fine, how's Cardiff and uni? ",,,
spam,Ringtone Club: Gr8 new polys direct to your mobile every week !,,,
ham,I am not having her number sir,,,
spam,Your 2004 account for 07XXXXXXXXX shows 786 unredeemed points. To claim call 08719181259 Identifier code: XXXXX Expires 26.03.05,,,
ham,I cant pick the phone right now. Pls send a message,,,
ham,"no, i *didn't* mean to post it. I wrote it, and like so many other times i've ritten stuff to you, i let it sit there. it WAS what i was feeling at the time. I was angry. Before i left, i hit send, then stop. It wasn't there. I checked on my phone when i got to my car. It wasn't there. You said you didn't sleep, you were bored. So why wouldn't THAT be the time to clean, fold laundry, etc.? At least make the bed?",,,
ham,Your bill at 3 is å£33.65 so thats not bad!,,,
ham,Stupid.its not possible,,,
ham,"Sorry that took so long, omw now",,,
spam,+123 Congratulations - in this week's competition draw u have won the å£1450 prize to claim just call 09050002311 b4280703. T&Cs/stop SMS 08718727868. Over 18 only 150ppm,,,
ham,I actually did for the first time in a while. I went to bed not too long after i spoke with you. Woke up at 7. How was your night?,,,
ham,Or i go home first lar Ì_ wait 4 me lor.. I put down my stuff first..,,,
spam,"1000's flirting NOW! Txt GIRL or BLOKE & ur NAME & AGE, eg GIRL ZOE 18 to 8007 to join and get chatting!",,,
ham,"Wn u r hurt by d prsn who s close 2 u, do fight wit dem. Coz somtimes dis fight saves a relation bt being quiet leaves nothin in a relation.. Gud eveB-)",,,
ham,"Yetunde, i'm sorry but moji and i seem too busy to be able to go shopping. Can you just please find some other way to get what you wanted us to get. Please forgive me. You can reply free via yahoo messenger.",,,
ham,CHEERS LOU! YEAH WAS A GOODNITE SHAME U NEVA CAME! C YA GAILxx,,,
ham,"Yes, i'm small kid.. And boost is the secret of my energy..",,,
ham,Hi di is yijue we're meeting at 7 pm at esaplanade tonight.,,,
ham,Sorry dude. Dont know how i forgot. Even after Dan reminded me. Sorry. Hope you guys had fun.,,,
ham,Doc prescribed me morphine cause the other pain meds aren't enough. Waiting for my mom to bring it. That med should kick in fast so I'm gonna try to be on later,,,
ham,"So many people seems to be special at first sight, But only very few will remain special to you till your last sight.. Maintain them till life ends.. Sh!jas",,,
ham,Great to hear you are settling well. So what's happenin wit ola?,,,
spam,Loans for any purpose even if you have Bad Credit! Tenants Welcome. Call NoWorriesLoans.com on 08717111821,,,
ham,"Forgot it takes me 3 years to shower, sorry. Where you at/your phone dead yet?",,,
ham,"I need an 8th but I'm off campus atm, could I pick up in an hour or two?",,,
ham,Okay... I booked all already... Including the one at bugis.,,,
ham,No way I'm going back there!,,,
ham,Hmmm:)how many players selected?,,,
spam,"You have been specially selected to receive a \3000 award! Call 08712402050 BEFORE the lines close. Cost 10ppm. 16+. T&Cs apply. AG Promo""",,,
ham,Joy's father is John. Then John is the NAME of Joy's father. Mandan,,,
ham,Ok lor. Msg me b4 u call.,,,
ham,Just glad to be talking to you.,,,
ham,I just made some payments so dont have that much. Sorry. Would you want it fedex or the other way.,,,
ham,"Aight no rush, I'll ask jay",,,
ham,"Nowadays people are notixiquating the laxinorficated opportunity for bambling of entropication.... Have you ever oblisingately opted ur books for the masteriastering amplikater of fidalfication? It is very champlaxigating, i think it is atrocious.. Wotz Ur Opinion???? Junna",,,
ham,Lol or I could just starve and lose a pound by the end of the day.,,,
ham,Haf u found him? I feel so stupid da v cam was working.,,,
ham,I'm now but have to wait till 2 for the bus to pick me.,,,
ham,Those ducking chinchillas,,,
ham,Now press conference da:),,,
ham,To day class is there are no class.,,,
spam,As a registered optin subscriber ur draw 4 å£100 gift voucher will be entered on receipt of a correct ans to 80062 Whats No1 in the BBC charts,,,
ham,Prof: you have passed in all the papers in this sem congrats . . . . Student: Enna kalaachutaarama..!! Prof:???? Gud mrng!,,,
ham,Tessy..pls do me a favor. Pls convey my birthday wishes to Nimya..pls dnt forget it. Today is her birthday Shijas,,,
ham,Thanks for your message. I really appreciate your sacrifice. I'm not sure of the process of direct pay but will find out on my way back from the test tomorrow. I'm in class now. Do have a wonderful day.,,,
ham,"TODAY is Sorry day.! If ever i was angry with you, if ever i misbehaved or hurt you? plz plz JUST SLAP URSELF Bcoz, Its ur fault, I'm basically GOOD",,,
spam,Double Mins & Double Txt & 1/2 price Linerental on Latest Orange Bluetooth mobiles. Call MobileUpd8 for the very latest offers. 08000839402 or call2optout/LF56,,,
ham,"Same, I'm at my great aunts anniversary party in tarpon springs",,,
ham,Dear got train and seat mine lower seat,,,
spam,SplashMobile: Choose from 1000s of gr8 tones each wk! This is a subscrition service with weekly tones costing 300p. U have one credit - kick back and ENJOY,,,
ham,Ill call you evening ill some ideas.,,,
ham,I want to go to perumbavoor,,,
spam,**FREE MESSAGE**Thanks for using the Auction Subscription Service. 18 . 150p/MSGRCVD 2 Skip an Auction txt OUT. 2 Unsubscribe txt STOP CustomerCare 08718726270,,,
ham,Ugh hopefully the asus ppl dont randomly do a reformat.,,,
ham,No screaming means shouting..,,,
ham,How are you. Just checking up on you,,,
ham,HI ITS KATE CAN U GIVE ME A RING ASAP XXX,,,
ham,So how's scotland. Hope you are not over showing your JJC tendencies. Take care. Live the dream,,,
spam,You are now unsubscribed all services. Get tons of sexy babes or hunks straight to your phone! go to http://gotbabes.co.uk. No subscriptions.,,,
ham,Hahaha..use your brain dear,,,
ham,Wot about on wed nite I am 3 then but only til 9!,,,
ham,About  &lt;#&gt; bucks. The banks fees are fixed. Better to call the bank and find out.,,,
ham,on hen night. Going with a swing,,,
ham,Where u been hiding stranger?,,,
spam,"Congratulations - Thanks to a good friend U have WON the å£2,000 Xmas prize. 2 claim is easy, just call 08712103738 NOW! Only 10p per minute. BT-national-rate",,,
ham,Sounds like something that someone testing me would sayy,,,
ham,Can you let me know details of fri when u find out cos I'm not in tom or fri. mentionned chinese. Thanks,,,
ham,I'm serious. You are in the money base,,,
ham,"(I should add that I don't really care and if you can't I can at least get this dude to fuck off but hey, your money if you want it)",,,
ham,"Al he does is moan at me if n e thin goes wrong its my fault&al de arguments r my fault&fed up of him of himso y bother? Hav 2go, thanx.xx",,,
ham,"Alright we're hooked up, where you guys at",,,
spam,Urgent! Please call 09061213237 from a landline. å£5000 cash or a 4* holiday await collection. T &Cs SAE PO Box 177 M227XY. 16+,,,
ham,You will be in the place of that man,,,
ham,Message:some text missing* Sender:Name Missing* *Number Missing *Sent:Date missing *Missing U a lot thats y everything is missing sent via fullonsms.com,,,
ham,Ok i am on the way to home hi hi,,,
spam,"As a valued customer, I am pleased to advise you that following recent review of your Mob No. you are awarded with a å£1500 Bonus Prize, call 09066368470",,,
ham,"I've not called you in a while. This is hoping it was l8r malaria and that you know that we miss you guys. I miss Bani big, so pls give her my love especially. Have a great day.",,,
spam,FROM 88066 LOST å£12 HELP,,,
ham,So your telling me I coulda been your real Valentine and I wasn't? U never pick me for NOTHING!!,,,
ham,Merry christmas to u too annie!,,,
ham,I will take care of financial problem.i will help:),,,
ham,Its not the same here. Still looking for a job. How much do Ta's earn there.,,,
ham,"How about clothes, jewelry, and trips?",,,
ham,Normally i use to drink more water daily:),,,
ham,Dont you have message offer,,,
ham,"I av a new number,  . Wil u only use this one,ta.",,,
ham,Call to the number which is available in appointment. And ask to connect the call to waheed fathima.,,,
ham,"Kate jackson rec center before 7ish, right?",,,
ham,So why didnt you holla?,,,
spam,URGENT! Your Mobile number has been awarded with a å£2000 prize GUARANTEED. Call 09061790121 from land line. Claim 3030. Valid 12hrs only 150ppm,,,
ham,Webpage s not available!,,,
ham,"Yo, call me when you get the chance, a friend of mine wanted me to ask you about a big order",,,
ham,Hey i've booked the pilates and yoga lesson already... Haha,,,
ham,Yup i'm still having coffee wif my frens... My fren drove she'll give me a lift...,,,
ham,"Almost there, see u in a sec",,,
ham,"I'm nt goin, got somethin on, unless they meetin 4 dinner lor... Haha, i wonder who will go tis time...",,,
ham,When u wana see it then,,,
ham,O was not into fps then.,,,
ham,"Probably gonna be here for a while, see you later tonight &lt;)",,,
ham,"Night has ended for another day, morning has come in a special way. May you smile like the sunny rays and leaves your worries at the blue blue bay. Gud mrng",,,
spam,You have 1 new message. Please call 08715205273,,,
ham,"It doesnt make sense to take it there unless its free. If you need to know more, wikipedia.com",,,
ham,"I'm back &amp; we're packing the car now, I'll let you know if there's room",,,
ham,Thats cool. i liked your photos. You are very sexy!,,,
ham,I could ask carlos if we could get more if anybody else can chip in,,,
ham,This phone has the weirdest auto correct.,,,
ham,"What do you do, my dog ? Must I always wait till the end of your day to have word from you ? Did you run out of time on your cell already?",,,
ham,Hi baby ive just got back from work and i was wanting to see u allday! I hope i didnt piss u off on the phone today. If u are up give me a call xxx,,,
ham,Hey come online! Use msn... We are all there,,,
ham,I'm gonna say no. Sorry. I would but as normal am starting to panic about time. Sorry again! Are you seeing on Tuesday?,,,
ham,Wat u doing there?,,,
ham,Not yet. Just i'd like to keep in touch and it will be the easiest way to do that from barcelona. By the way how ru and how is the house?,,,
ham,"Hi Jon, Pete here, Ive bin 2 Spain recently & hav sum dinero left, Bill said u or ur åÔrents mayb interested in it, I hav 12,000pes, so around å£48, tb, James.",,,
spam,"You are guaranteed the latest Nokia Phone, a 40GB iPod MP3 player or a å£500 prize! Txt word: COLLECT to No: 83355! IBHltd LdnW15H 150p/Mtmsgrcvd18+",,,
ham,I went to project centre,,,
ham,Lmao. Take a pic and send it to me.,,,
ham,"Well, I was about to give up cos they all said no they didnÛ÷t do one nighters. I persevered and found one but it is very cheap so i apologise in advance. It is just somewhere to sleep isnt it?",,,
ham,That sucks. I'll go over so u can do my hair. You'll do it free right?,,,
ham,Wat's my dear doing? Sleeping ah?,,,
spam,money!!! you r a lucky winner ! 2 claim your prize text money 2 88600 over å£1million to give away ! ppt150x3+normal text rate box403 w1t1jy,,,
spam,"U can WIN å£100 of Music Gift Vouchers every week starting NOW Txt the word DRAW to 87066 TsCs www.Idew.com SkillGame, 1Winaweek, age16. 150ppermessSubscription",,,
ham,"'An Amazing Quote'' - \Sometimes in life its difficult to decide whats wrong!! a lie that brings a smile or the truth that brings a tear....\""""",,,
ham,I dont have any of your file in my bag..i was in work when you called me.i 'll tell you if i find anything in my room.,,,
ham,Howz pain?hope u r fine..,,,
ham,K. I will sent it again,,,
ham,How do you guys go to see movies on your side.,,,
ham,Indeed and by the way it was either or - not both !,,,
ham,Otherwise had part time job na-tuition..,,,
spam,"Someone has contacted our dating service and entered your phone becausethey fancy you! To find out who it is call from a landline 09058098002. PoBox1, W14RG 150p",,,
ham,We are okay. Going to sleep now. Later,,,
ham,"Also sir, i sent you an email about how to log into the usc payment portal. I.ll send you another message that should explain how things are back home. Have a great weekend.",,,
spam,Urgent! Please call 09061743811 from landline. Your ABTA complimentary 4* Tenerife Holiday or å£5000 cash await collection SAE T&Cs Box 326 CW25WX 150ppm,,,
ham,Sure but since my parents will be working on Tuesday I don't really need a cover story,,,
ham,You'd like that wouldn't you? Jerk!,,,
ham,Jesus christ bitch I'm trying to give you drugs answer your fucking phone,,,
ham,Wife.how she knew the time of murder exactly,,,
ham,"Haha awesome, be there in a minute",,,
ham,Pls what's the full name of joke's school cos fees in university of florida seem to actually be  &lt;#&gt; k. Pls holla back,,,
ham,Really do hope the work doesnt get stressful. Have a gr8 day.,,,
ham,"Alright, I'll head out in a few minutes, text me where to meet you",,,
ham,"Nah I don't think he goes to usf, he lives around here though",,,
ham,Ok...,,,
ham,My friends use to call the same.,,,
ham,Me too! Have a lovely night xxx,,,
ham,Do well :)all will for little time. Thing of good times ahead:,,,
ham,Prabha..i'm soryda..realy..frm heart i'm sory,,,
ham,"Sorry da thangam, very very sorry i am held up with prasad.",,,
ham,Ok i'm coming home now.,,,
ham,"My Parents, My Kidz, My Friends n My Colleagues. All screaming.. SURPRISE !! and I was waiting on the sofa.. ... ..... ' NAKED...!",,,
ham,Me sef dey laugh you. Meanwhile how's my darling anjie!,,,
ham,"Whats that coming over the hill..... Is it a monster! Hope you have a great day. Things r going fine here, busy though! ",,,
ham,Only 2% students solved this CAT question in 'xam... 5+3+2= &lt;#&gt;  9+2+4= &lt;#&gt;  8+6+3= &lt;#&gt;  then 7+2+5=????? Tell me the answer if u r brilliant...1thing.i got d answr.,,,
ham,Yetunde i'm in class can you not run water on it to make it ok. Pls now.,,,
spam,Urgent Ur å£500 guaranteed award is still unclaimed! Call 09066368327 NOW closingdate04/09/02 claimcode M39M51 å£1.50pmmorefrommobile2Bremoved-MobyPOBox734LS27YF,,,
spam,Text & meet someone sexy today. U can find a date or even flirt its up to U. Join 4 just 10p. REPLY with NAME & AGE eg Sam 25. 18 -msg recd@thirtyeight pence,,,
ham,My planning usually stops at \find hella weed," smoke hella weed\""""",,
ham,"OH MR SHEFFIELD! You wanna play THAT game, okay. You're the boss and I'm the nanny. You give me a raise and I'll give YOU one!!",,,
ham,Ok,,,
ham,"He is impossible to argue with and he always treats me like his sub, like he never released me ... Which he did and I will remind him of that if necessary",,,
ham,"Good morning, my boytoy! How's those yummy lips ? Where's my sexy buns now ? What do you do ? Do you think of me ? Do you crave me ? Do you need me ?",,,
ham,Aiyar u so poor thing... I give u my support k... Jia you! I'll think of u...,,,
ham,"Pls send me a comprehensive mail about who i'm paying, when and how much.",,,
ham,Also hi wesley how've you been,,,
ham,Does cinema plus drink appeal tomo? * Is a fr thriller by director i like on at mac at 8.30.,,,
ham,Yup i'm elaborating on the safety aspects and some other issues..,,,
ham,I don't know but I'm raping dudes at poker,,,
spam,Please call our customer service representative on FREEPHONE 0808 145 4742 between 9am-11pm as you have WON a guaranteed å£1000 cash or å£5000 prize!,,,
spam,"Sppok up ur mob with a Halloween collection of nokia logo&pic message plus a FREE eerie tone, txt CARD SPOOK to 8007",,,
ham,"K, makes sense, btw carlos is being difficult so you guys are gonna smoke while I go pick up the second batch and get gas",,,
ham,"ThatÛ÷s the thing with apes, u can fight to the death to keep something, but the minute they have it when u let go, thats it!",,,
ham,Pls call me da. What happen.,,,
ham,Yar but they say got some error.,,,
spam,Missed call alert. These numbers called but left no message. 07008009200,,,
spam,"Eerie Nokia tones 4u, rply TONE TITLE to 8007 eg TONE DRACULA to 8007 Titles: GHOST, ADDAMSFA, MUNSTERS, EXORCIST, TWILIGHT www.getzed.co.uk POBox36504W45WQ 150p",,,
spam,Sorry I missed your call let's talk when you have the time. I'm on 07090201529,,,
ham,"Oh... Icic... K lor, den meet other day...",,,
ham,"Under the sea, there lays a rock. In the rock, there is an envelope. In the envelope, there is a paper. On the paper, there are 3 words... '",,,
ham,WOT STUDENT DISCOUNT CAN U GET ON BOOKS?,,,
ham,Ok lor. I'm in town now lei.,,,
ham,I (Career Tel) have added u as a contact on INDYAROCKS.COM to send FREE SMS. To remove from phonebook - sms NO to  &lt;#&gt;,,,
ham,Oh god..taken the teeth?is it paining,,,
ham,Then she buying today? ÌÏ no need to c meh...,,,
ham,Who were those people ? Were you in a tour ? I thought you were doing that sofa thing you sent me ? Your curious sugar,,,
ham,My sister going to earn more than me da.,,,
ham,Ugh fuck it I'm resubbing to eve,,,
ham,Minimum walk is 3miles a day.,,,
ham,Wishing you a beautiful day. Each moment revealing even more things to keep you smiling. Do enjoy it.,,,
ham,That is wondar full flim.,,,
ham,"Also north carolina and texas atm, you would just go to the gre site and pay for the test results to be sent.",,,
ham,No drama Pls.i have had enough from you and family while i am struggling in the hot sun in a strange place.No reason why there should be an ego of not going 'IF NOT INVITED' when actually its necessity to go.wait for very serious reppurcussions.,,,
ham,Should I tell my friend not to come round til like  &lt;#&gt; ish?,,,
ham,Very hurting n meaningful lines ever: \I compromised everything for my love," But at d end my love compromised me for everything:-(\"".. Gud mornin:-)""",,
spam,Please CALL 08712402902 immediately as there is an urgent message waiting for you.,,,
ham,"That way transport is less problematic than on sat night. By the way, if u want to ask  n  to join my bday, feel free. But need to know definite nos as booking on fri. ",,,
ham,Your opinion about me? 1. Over 2. Jada 3. Kusruthi 4. Lovable 5. Silent 6. Spl character 7. Not matured 8. Stylish 9. Simple Pls reply..,,,
ham,Which is weird because I know I had it at one point,,,
ham,Thats cool! I am a gentleman and will treat you with dignity and respect.,,,
spam,"Fantasy Football is back on your TV. Go to Sky Gamestar on Sky Active and play å£250k Dream Team. Scoring starts on Saturday, so register now!SKY OPT OUT to 88088",,,
ham,"I know where the  &lt;#&gt;  is, I'll be there around 5",,,
ham,"\Gimme a few\"" was  &lt;#&gt;  minutes ago""",,,
spam,"Congrats 2 mobile 3G Videophones R yours. call 09063458130 now! videochat wid ur mates, play java games, Dload polypH music, noline rentl. bx420. ip4. 5we. 150p",,,
spam,PRIVATE! Your 2003 Account Statement for shows 800 un-redeemed S. I. M. points. Call 08715203652 Identifier Code: 42810 Expires 29/10/0,,,
ham,What * u wearing?,,,
ham,Realy sorry-i don't recognise this number and am now confused :) who r u please?! ,,,
ham,What's a feathery bowa? Is that something guys have that I don't know about?,,,
ham,\HEY KATE," HOPE UR OK... WILL GIVE U A BUZ WEDLUNCH. GO OUTSOMEWHERE 4 ADRINK IN TOWN..CUD GO 2WATERSHD 4 A BIT? PPL FROMWRK WILL BTHERE. LOVE PETEXXX.\""""",,
ham,I sent them. Do you like?,,,
ham,"Thanks, I'll keep that in mind",,,
spam,"SPJanuary Male Sale! Hot Gay chat now cheaper, call 08709222922. National rate from 1.5p/min cheap to 7.8p/min peak! To stop texts call 08712460324 (10p/min)",,,
spam,PRIVATE! Your 2003 Account Statement for 07973788240 shows 800 un-redeemed S. I. M. points. Call 08715203649 Identifier Code: 40533 Expires 31/10/04,,,
ham,Its ok my arm is feeling weak cuz i got a shot so we can go another time,,,
ham,Are you this much buzy,,,
ham,"Night sweet, sleep well! I've just been to see The Exorcism of Emily Rose and may never sleep again! Hugs and snogs! ",,,
ham,Bring it if you got it,,,
ham,They don't put that stuff on the roads to keep it from getting slippery over there?,,,
ham,Yup ok...,,,
ham,"Sorry, I'll call later",,,
ham,"Yeah there's quite a bit left, I'll swing by tomorrow when I get up",,,
ham,"All done, all handed in. Don't know if mega shop in asda counts as celebration but thats what i'm doing!",,,
ham,"K I'll head out in a few mins, see you there",,,
ham,"Ill call u 2mrw at ninish, with my address that icky American freek wont stop callin me 2 bad Jen k eh?",,,
ham,She told to hr that he want posting in chennai:)because i'm working here:),,,
ham,Will you be here for food,,,
spam,Please call our customer service representative on FREEPHONE 0808 145 4742 between 9am-11pm as you have WON a guaranteed å£1000 cash or å£5000 prize!,,,
ham,Done it but internet connection v slow and canÛ÷t send it. Will try again later or first thing tomo.,,,
ham,U should have made an appointment,,,
ham,"Sorry, I'll call later",,,
ham,Are you available for soiree on June 3rd?,,,
ham,"Cool, text me when you head out",,,
ham,:) ,,,
ham,So now my dad is gonna call after he gets out of work and ask all these crazy questions.,,,
ham,Yeah so basically any time next week you can get away from your mom &amp; get up before 3,,,
ham,"\NOT ENUFCREDEIT TOCALL.SHALL ILEAVE UNI AT 6 +GET A BUS TO YOR HOUSE?\""""",,,
ham,How i noe... Did Ì_ specify da domain as nusstu... ÌÏ still in sch...,,,
spam,A å£400 XMAS REWARD IS WAITING FOR YOU! Our computer has randomly picked you from our loyal mobile customers to receive a å£400 reward. Just call 09066380611 ,,,
spam,URGENT! We are trying to contact U. Todays draw shows that you have won a å£800 prize GUARANTEED. Call 09050001295 from land line. Claim A21. Valid 12hrs only,,,
ham,I'm reading the text i just sent you. Its meant to be a joke. So read it in that light,,,
ham,I always chat with you. In fact i need money can you raise me?,,,
spam,Free Top ringtone -sub to weekly ringtone-get 1st week free-send SUBPOLY to 81618-?3 per week-stop sms-08718727870,,,
spam,"Dear Voucher Holder, To claim this weeks offer, at you PC please go to http://www.e-tlp.co.uk/expressoffer Ts&Cs apply. To stop texts, txt STOP to 80062",,,
spam,U have a Secret Admirer who is looking 2 make contact with U-find out who they R*reveal who thinks UR so special-call on 09065171142-stopsms-08,,,
ham,Aiya we discuss later lar... Pick Ì_ up at 4 is it?,,,
ham,Nobody can decide where to eat and dad wants Chinese,,,
ham,"\Response\"" is one of d powerful weapon 2 occupy a place in others 'HEART'... So"," always give response 2 who cares 4 U\""... Gud night..swt dreams..take care""",,
ham,Pls help me tell Ashley that i cant find her number oh,,,
ham,"Evry Emotion dsn't hav Words.Evry Wish dsn't hav Prayrs.. If u Smile,D World is wit u.Othrwise even d Drop of Tear dsn't lik 2 Stay wit u.So b happy.. Good morning, keep smiling:-)",,,
ham,"Hi, can i please get a  &lt;#&gt;  dollar loan from you. I.ll pay you back by mid february. Pls.",,,
ham,They said Ì_ dun haf passport or smth like dat.. Or Ì_ juz send to my email account..  ,,,
ham,Yes! How is a pretty lady like you single?,,,
ham,"Cool, I'll text you in a few",,,
ham,Wot is u up 2 then bitch?,,,
spam,Promotion Number: 8714714 - UR awarded a City Break and could WIN a å£200 Summer Shopping spree every WK. Txt STORE to 88039 . SkilGme. TsCs087147403231Winawk!Age16 å£1.50perWKsub,,,
ham,hi baby im sat on the bloody bus at the mo and i wont be home until about 7:30 wanna do somethin later? call me later ortxt back jess xx,,,
ham,Armand says get your ass over to epsilon,,,
ham,Do Ì_ noe if ben is going?,,,
ham,i thought we were doing a king of the hill thing there.,,,
ham,I need... Coz i never go before ,,,
ham,Pls send me your address sir.,,,
ham,Tell your friends what you plan to do on Valentines day @ &lt;URL&gt;,,,
ham,"Thank you so much. When we skyped wit kz and sura, we didnt get the pleasure of your company. Hope you are good. We've given you ultimatum oh! We are countin down to aburo. Enjoy! This is the message i sent days ago",,,
ham,In fact when do you leave? I think addie goes back to school tues or wed,,,
ham,I liked the new mobile,,,
ham,I went to ur hon lab but no one is there.,,,
ham,I jus reached home. I go bathe first. But my sis using net tell u when she finishes k...,,,
spam,"URGENT! Your mobile was awarded a å£1,500 Bonus Caller Prize on 27/6/03. Our final attempt 2 contact U! Call 08714714011",,,
ham,Thankyou so much for the call. I appreciate your care.,,,
ham,Your daily text from me ÛÒ a favour this time,,,
ham,Actually i'm waiting for 2 weeks when they start putting ad.,,,
ham,Ok... But bag again..,,,
ham,do u think that any girl will propose u today by seing ur bloody funky shit fucking face...............asssssholeeee................,,,
ham,Free any day but i finish at 6 on mon n thurs...,,,
ham,Of course. I guess god's just got me on hold right now.,,,
ham,NEFT Transaction with reference number  &lt;#&gt;  for Rs. &lt;DECIMAL&gt;  has been credited to the beneficiary account on  &lt;#&gt;  at  &lt;TIME&gt; : &lt;#&gt;,,,
ham,See? I thought it all through,,,
spam,Moby Pub Quiz.Win a å£100 High Street prize if u know who the new Duchess of Cornwall will be? Txt her first name to 82277.unsub STOP å£1.50 008704050406 SP Arrow,,,
ham,Goin to workout lor... Muz lose e fats... ,,,
ham,No shoot me. I'm in the docs waiting room. :/,,,
ham,ÌÏ got wat to buy tell us then Ì_ no need to come in again.,,,
ham,Great. Hope you are using your connections from mode men also cos you can never know why old friends can lead you to today,,,
ham,You should get more chicken broth if you want ramen unless there's some I don't know about,,,
ham,Yun ah.now Ì_ wkg where?btw if Ì_ go nus sc. ÌÏ wana specialise in wad?,,,
ham,Can you do a mag meeting this avo at some point?,,,
ham,Ok. No wahala. Just remember that a friend in need ...,,,
ham,Ok... Thanx... Gd nite 2 Ì_ too...,,,
ham,"Although i told u dat i'm into baig face watches now but i really like e watch u gave cos it's fr u. Thanx 4 everything dat u've done today, i'm touched...",,,
ham,Yo you around? A friend of mine's lookin to pick up later tonight,,,
ham,"\Speak only when you feel your words are better than the silence...\"" Gud mrng:-)""",,,
ham,"Goodmorning, Today i am late for  &lt;#&gt; min.",,,
ham,Tell rob to mack his gf in the theater,,,
spam,Do you want a New Nokia 3510i colour phone DeliveredTomorrow? With 300 free minutes to any mobile + 100 free texts + Free Camcorder reply or call 08000930705,,,
ham,Just do what ever is easier for you,,,
ham,Anytime lor...,,,
ham,You are not bothering me but you have to trust my answers. Pls.,,,
ham,MY NEW YEARS EVE WAS OK. I WENT TO A PARTY WITH MY BOYFRIEND. WHO IS THIS SI THEN HEY,,,
ham,Yeah my usual guy's out of town but there're definitely people around I know,,,
ham,If you have belive me. Come to my home.,,,
spam,Hi I'm sue. I am 20 years old and work as a lapdancer. I love sex. Text me live - I'm i my bedroom now. text SUE to 89555. By TextOperator G2 1DA 150ppmsg 18+,,,
ham,Tomarrow final hearing on my laptop case so i cant.,,,
ham,Just wanted to say holy shit you guys weren't kidding about this bud,,,
ham,Are you willing to go for aptitude class.,,,
ham,Hey what how about your project. Started aha da.,,,
ham,Tomorrow i am not going to theatre. . . So i can come wherever u call me. . . Tell me where and when to come tomorrow,,,
ham,"Dear all, as we know  &lt;#&gt; th is the  &lt;#&gt; th birthday of our loving Gopalettan. We are planning to give a small gift on that day. Those who like to participate in that you are welcome. Please contact our admin team for more details",,,
spam,You are a winner you have been specially selected to receive å£1000 cash or a å£2000 award. Speak to a live operator to claim call 087147123779am-7pm. Cost 10p,,,
ham,\HEY BABE! FAR 2 SPUN-OUT 2 SPK AT DA MO... DEAD 2 DA WRLD. BEEN SLEEPING ON DA SOFA ALL DAY, HAD A COOL NYTHO, TX 4 FONIN HON," CALL 2MWEN IM BK FRMCLOUD 9! J X\"""""
ham,What year. And how many miles.,,,
ham,Ugh. Gotta drive back to sd from la. My butt is sore.,,,
ham,I was wondering if it would be okay for you to call uncle john and let him know that things are not the same in nigeria as they r here. That  &lt;#&gt;  dollars is 2years sent and that you know its a strain but i plan to pay back every dime he gives. Every dime so for me to expect anything from you is not practical. Something like that.,,,
ham,I see the letter B on my car,,,
ham,Yes. Last  practice,,,
ham,"Sorry, I'll call later",,,
ham,Did u see what I posted on your Facebook?,,,
ham,"K give me a sec, breaking a  &lt;#&gt;  at cstore",,,
ham,I'm on the bus. Love you,,,
ham,Then dun wear jeans lor...,,,
ham,Ugh my leg hurts. Musta overdid it on mon.,,,
ham,Oh ho. Is this the first time u use these type of words,,,
ham,I don know account details..i will ask my mom and send you.my mom is out of reach now.,,,
ham,You made my day. Do have a great day too.,,,
ham,Omg how did u know what I ate?,,,
ham,That's the way you should stay oh.,,,
ham,HIYA COMIN 2 BRISTOL 1 ST WEEK IN APRIL. LES GOT OFF + RUDI ON NEW YRS EVE BUT I WAS SNORING.THEY WERE DRUNK! U BAK AT COLLEGE YET? MY WORK SENDS INK 2 BATH.,,,
ham,I am in a marriage function,,,
ham,"LOL .. *grins* .. I'm not babe, but thanks for thinking of me!",,,
ham,My birthday is on feb  &lt;#&gt;  da. .,,,
ham,I've sent Ì_ my part..,,,
spam,Back 2 work 2morro half term over! Can U C me 2nite 4 some sexy passion B4 I have 2 go back? Chat NOW 09099726481 Luv DENA Calls å£1/minMobsmoreLKPOBOX177HP51FL,,,
ham,Sounds like you have many talents! would you like to go on a dinner date next week?,,,
ham,"Sorry, I'll call later",,,
spam,"Hi there, 2nights ur lucky night! Uve been invited 2 XCHAT, the Uks wildest chat! Txt CHAT to 86688 now! 150p/MsgrcvdHG/Suite342/2Lands/Row/W1J6HL LDN 18yrs",,,
ham,hope things went well at 'doctors' ;) reminds me i still need 2go.did u c d little thing i left in the lounge?,,,
ham,I remain unconvinced that this isn't an elaborate test of my willpower,,,
ham,Awww dat is sweet! We can think of something to do he he! Have a nice time tonight ill probably txt u later cos im lonely :( xxx.,,,
ham,Send me yetty's number pls.,,,
ham,\CHA QUITEAMUZING THATåÕSCOOL BABE,"PROBPOP IN & CU SATTHEN HUNNY 4BREKKIE! LOVE JEN XXX. PSXTRA LRG PORTIONS 4 ME PLEASE \""""",,
ham,"Sorry, I guess whenever I can get a hold of my connections, maybe an hour or two? I'll text you",,,
ham,Man this bus is so so so slow. I think you're gonna get there before me,,,
spam,<Forwarded from 21870000>Hi - this is your Mailbox Messaging SMS alert. You have 4 messages. You have 21 matches. Please call back on 09056242159 to retrieve your messages and matches,,,
ham,Meeting u is my work. . . Tel me when shall i do my work tomorrow,,,
ham,"Hi, Mobile no.  &lt;#&gt;  has added you in their contact list on www.fullonsms.com It s a great place to send free sms to people For more visit fullonsms.com",,,
spam,Ur cash-balance is currently 500 pounds - to maximize ur cash-in now send COLLECT to 83600 only 150p/msg. CC: 08718720201 PO BOX 114/14 TCR/W1,,,
ham,"sorry brah, just finished the last of my exams, what up",,,
ham,Ok lor Ì_ reaching then message me.,,,
ham,"Sorry, I'll call later",,,
spam,"Had your contract mobile 11 Mnths? Latest Motorola, Nokia etc. all FREE! Double Mins & Text on Orange tariffs. TEXT YES for callback, no to remove from records.",,,
ham,You still at grand prix?,,,
ham,Yup... From what i remb... I think should be can book... ,,,
ham,Did u fix the teeth?if not do it asap.ok take care.,,,
ham,I have gone into get info bt dont know what to do,,,
ham,Waiting in e car 4 my mum lor. U leh? Reach home already?,,,
ham,Dad went out oredi... ,,,
ham,Mathews or tait or edwards or anderson,,,
ham,What happen to her tell the truth,,,
ham,Chk in ur belovd ms dict,,,
ham,Hi:)cts employee how are you?,,,
ham,My drive can only be read. I need to write,,,
ham,"* Was really good to see you the other day dudette, been missing you!",,,
ham,"Yup, no need. I'll jus wait 4 e rain 2 stop.",,,
ham,Nothing but we jus tot u would ask cos u ba gua... But we went mt faber yest... Yest jus went out already mah so today not going out... Jus call lor...,,,
ham,No da:)he is stupid da..always sending like this:)don believe any of those message.pandy is a mental:),,,
ham,"V-aluable. A-ffectionate. L-oveable. E-ternal. N-oble. T-ruthful. I-ntimate. N-atural. E-namous. Happy \VALENTINES DAY\"" in advance""",,,
ham,Purity of friendship between two is not about smiling after reading the forwarded message..Its about smiling just by seeing the name. Gud evng musthu,,,
ham,HI ITS JESS I DONT KNOW IF YOU ARE AT WORK BUT CALL ME WHEN U CAN IM AT HOME ALL EVE. XXX,,,
ham,We don call like  &lt;#&gt;  times oh. No give us hypertension oh.,,,
spam,Dear Dave this is your final notice to collect your 4* Tenerife Holiday or #5000 CASH award! Call 09061743806 from landline. TCs SAE Box326 CW25WX 150ppm,,,
ham,Even u dont get in trouble while convincing..just tel him once or twice and just tel neglect his msgs dont c and read it..just dont reply,,,
spam,GENT! We are trying to contact you. Last weekends draw shows that you won a å£1000 prize GUARANTEED. Call 09064012160. Claim Code K52. Valid 12hrs only. 150ppm,,,
ham,I just saw ron burgundy captaining a party boat so yeah,,,
ham,He also knows about lunch menu only da. . I know,,,
ham,ÌÏ dun wan to watch infernal affair?,,,
ham,Hey mate. Spoke to the mag people. WeÛ÷re on.  the is deliver by the end of the month. Deliver on the 24th sept. Talk later. ,,,
ham,Erm. I thought the contract ran out the4th of october.,,,
spam,Do you want a New Nokia 3510i colour phone DeliveredTomorrow? With 300 free minutes to any mobile + 100 free texts + Free Camcorder reply or call 08000930705.,,,
spam,I don't know u and u don't know me. Send CHAT to 86688 now and let's find each other! Only 150p/Msg rcvd. HG/Suite342/2Lands/Row/W1J6HL LDN. 18 years or over.,,,
ham,How is it possible to teach you. And where.,,,
ham,"Actually, my mobile is full of msg. And i m doing a work online, where i need to send them  &lt;#&gt;  sent msg i wil explain u later.",,,
ham,Your gonna be the death if me. I'm gonna leave a note that says its all robs fault. Avenge me.,,,
ham,Wah lucky man... Then can save money... Hee...,,,
ham,Lol no. I just need to cash in my nitros. Hurry come on before I crash out!,,,
ham,And maybe some pressies,,,
ham,Well you told others you'd marry them...,,,
ham,"She said,'' do u mind if I go into the bedroom for a minute ? '' ''OK'', I sed in a sexy mood. She came out 5 minuts latr wid a cake...n My Wife,",,,
ham,I love u 2 babe! R u sure everything is alrite. Is he being an idiot? Txt bak girlie,,,
ham,"Tyler (getting an 8th) has to leave not long after 9, can you get here in like an hour?",,,
ham,You still around? Looking to pick up later,,,
ham,"It,,s a taxt massage....tie-pos argh ok! Lool!",,,
ham,"\Life is nothing wen v get everything\"". But \""life is everything wen v miss something \"". Real value of people wil be realized only in their absence.... gud mrng""",,,
ham,Dear umma she called me now :-),,,
ham,Do u ever get a song stuck in your head for no reason and it won't go away til u listen to it like 5 times?,,,
ham,Dare i ask... Any luck with sorting out the car?,,,
ham,Do you mind if I ask what happened? You dont have to say if it is uncomfortable.,,,
ham,"Hi, my love! How goes that day? Fuck, this morning I woke and dropped my cell on the way down the stairs but it seems alright ... *phews* I miss you !",,,
ham,I'm in office now da:)where are you?,,,
ham,i felt so...not any conveying reason.. Ese he... What about me?,,,
spam,"For ur chance to win a å£250 wkly shopping spree TXT: SHOP to 80878. T's&C's www.txt-2-shop.com custcare 08715705022, 1x150p/wk",,,
ham,Wewa is 130. Iriver 255. All 128 mb.,,,
ham,Wow v v impressed. Have funs shopping!,,,
ham,Why she wants to talk to me,,,
ham,The 2 oz guy is being kinda flaky but one friend is interested in picking up $ &lt;#&gt;  worth tonight if possible,,,
ham,S.this will increase the chance of winning.,,,
ham,Great. Have a safe trip. Dont panic surrender all.,,,
ham,what is your account number?,,,
ham,", ,  and  picking them up from various points | going 2 yeovil | and they will do the motor project 4 3 hours | and then u take them home. || 12 2 5.30 max. || Very easy",,,
ham,Got it! It looks scrumptious... daddy wants to eat you all night long!,,,
ham,"No I'm good for the movie, is it ok if I leave in an hourish?",,,
ham,Re your call; You didn't see my facebook huh?,,,
ham,No probably  &lt;#&gt; %.,,,
ham,Am also doing in cbe only. But have to pay.,,,
ham,Yup having my lunch buffet now.. U eat already?,,,
ham,Mystery solved! Just opened my email and he's sent me another batch! Isn't he a sweetie,,,
ham,No it was cancelled yeah baby! Well that sounds important so i understand my darlin give me a ring later on this fone love Kate x,,,
ham,You're right I have now that I think about it,,,
ham,Don no da:)whats you plan?,,,
spam,FreeMsg Hi baby wow just got a new cam moby. Wanna C a hot pic? or Fancy a chat?Im w8in 4uTxt / rply CHAT to 82242 Hlp 08712317606 Msg150p 2rcv,,,
ham,I lost 4 pounds since my doc visit last week woot woot! Now I'm gonna celebrate by stuffing my face!,,,
ham,"I want to show you the world, princess :) how about europe?",,,
ham,Didn't you get hep b immunisation in nigeria.,,,
ham,"If you're still up, maybe leave the credit card so I can get gas when I get back like he told me to",,,
spam,"YOUR CHANCE TO BE ON A REALITY FANTASY SHOW call now = 08707509020 Just 20p per min NTT Ltd, PO Box 1327 Croydon CR9 5WB 0870 is a national = rate call",,,
ham,No * am working on the ringing u thing but have whole houseful of screaming brats so * am pulling my hair out! Loving u,,,
ham,Good evening! this is roger. How are you?,,,
ham,Moji i love you more than words. Have a rich day,,,
ham,"New Theory: Argument wins d SITUATION, but loses the PERSON. So dont argue with ur friends just.. . . . kick them &amp; say, I'm always correct.!",,,
ham,Where r e meeting tmr?,,,
ham,"Remember all those whom i hurt during days of satanic imposter in me.need to pay a price,so be it.may destiny keep me going and as u said pray that i get the mind to get over the same.",,,
ham,Ok Chinese food on its way. When I get fat you're paying for my lipo.,,,
ham,If we win its really no 1 side for long time.,,,
ham,"Sorry I missed you babe. I was up late and slept in. I hope you enjoy your driving lesson, boytoy. I miss you too ... *teasing kiss*",,,
ham,Gud mrng dear hav a nice day,,,
ham,One of best dialogue in cute reltnship..!! \Wen i Die," Dont Come Near My Body..!! Bcoz My Hands May Not Come 2 Wipe Ur Tears Off That Time..!Gud ni8""",,
ham,"Come around  &lt;DECIMAL&gt; pm vikky..i'm otside nw, il come by tht time",,,
ham,With my sis lor... We juz watched italian job.,,,
ham,Not course. Only maths one day one chapter with in one month we can finish.,,,
ham,I realise you are a busy guy and i'm trying not to be a bother. I have to get some exams outta the way and then try the cars. Do have a gr8 day,,,
ham,Just trying to figure out when I'm suppose to see a couple different people this week. We said we'd get together but I didn't set dates,,,
ham,Speaking of does he have any cash yet?,,,
spam,Santa calling! Would your little ones like a call from Santa Xmas Eve? Call 09077818151 to book you time. Calls1.50ppm last 3mins 30s T&C www.santacalling.com,,,
ham,Our ride equally uneventful - not too many of those pesky cyclists around at that time of night ;).,,,
ham,That's y we haf to combine n c how lor...,,,
ham,Maybe you should find something else to do instead???,,,
ham,So the sun is anti sleep medicine.,,,
ham,"Yeah go on then, bored and depressed sittin waitin for phone to ring... Hope the wind drops though, scary",,,
ham,I wil be there with in  &lt;#&gt;  minutes. Got any space,,,
ham,K tell me anything about you.,,,
ham,The world's most happiest frnds never have the same characters... Dey just have the best understanding of their differences...,,,
ham,\ER," ENJOYIN INDIANS AT THE MO..yeP. SaLL gOoD HehE ;> hows bout u shexy? Pete Xx\""""",,
ham,I wish! I don't think its gonna snow that much. But it will be more than those flurries we usually get that melt before they hit the ground. Eek! We haven't had snow since &lt;#&gt; before I was even born!,,,
ham,Ok...,,,
ham,And miss vday the parachute and double coins??? U must not know me very well...,,,
